run,cust_id,system,cust_type,bike_type,start_time,end_time,duration,perm_start_station_id,start_station_id,end_station_id,satisfaction
0,1,in_out,casual,pedalbike,450,-1,0,31104,31104,70,1
0,2,in_out,member,ebike,450,-1,0,31104,31104,70,1
0,3,in_out,member,ebike,451,-1,0,31104,31104,70,1
0,4,in_out,casual,ebike,455,-1,0,31104,31104,70,1
0,5,in_out,member,ebike,461,-1,0,31104,31104,70,1
0,6,in_out,member,ebike,465,-1,0,31104,31104,70,1
0,7,in_out,member,ebike,475,-1,0,31104,31104,70,1
0,8,in_out,casual,ebike,499,-1,0,31104,31104,70,1
0,9,in_out,casual,ebike,500,-1,0,31104,31104,70,1
0,10,in_out,member,ebike,521,-1,0,31110,31110,70,1
0,11,in_out,member,ebike,523,-1,0,31110,31110,70,1
0,12,in_out,member,ebike,596,-1,0,31110,31110,70,1
0,13,in_out,member,ebike,603,-1,0,31110,31110,70,1
0,14,in_out,member,ebike,606,-1,0,31110,31110,70,1
0,15,in_out,casual,ebike,646,-1,0,31296,31296,70,1
0,16,in_out,member,ebike,712,-1,0,31296,31296,70,1
0,17,in_out,casual,ebike,749,-1,0,31296,31296,70,1
0,18,in_out,casual,ebike,766,-1,0,31110,31110,70,1
0,19,in_out,casual,ebike,939,-1,0,31296,31296,70,1
0,20,in_out,member,ebike,955,-1,0,31296,31296,70,1
0,21,in_out,casual,pedalbike,979,-1,0,31296,31296,70,1
0,22,in_out,member,pedalbike,984,-1,0,31296,31296,70,1
0,23,in_out,member,ebike,1039,-1,0,31296,31296,70,1
0,24,in_out,member,pedalbike,1165,-1,0,31296,31296,70,1
0,25,in_system,casual,ebike,1384,-1,-1,31296,31296,31104,1
0,26,in_out,member,ebike,1396,-1,0,31296,31296,70,1
0,27,in_out,casual,ebike,1400,-1,0,31296,31296,70,1
1,1,in_out,member,ebike,491,-1,0,31110,31110,70,1
1,2,in_out,member,ebike,505,-1,0,31296,31296,70,1
1,3,in_out,member,ebike,517,-1,0,31296,31296,70,1
1,4,in_out,member,ebike,532,-1,0,31296,31296,70,1
1,5,in_system,member,ebike,535,-1,-1,31296,31296,31113,1
1,6,in_out,member,ebike,540,-1,0,31296,31296,70,1
1,7,in_out,member,ebike,561,-1,0,31296,31296,70,1
1,8,in_out,member,ebike,562,-1,0,31296,31296,70,1
1,9,in_system,casual,ebike,570,-1,-1,31296,31296,31110,1
1,10,in_out,casual,ebike,580,-1,0,31296,31296,70,1
1,11,in_out,member,ebike,581,-1,0,31110,31110,70,1
1,12,in_out,casual,ebike,585,-1,0,31296,31296,70,1
1,13,in_out,member,ebike,589,-1,0,31296,31296,70,1
1,14,in_out,casual,ebike,608,-1,0,31104,31104,70,1
1,15,in_out,casual,ebike,613,-1,0,31110,31110,70,1
1,16,in_out,member,pedalbike,616,-1,0,31110,31110,70,1
1,17,in_out,casual,ebike,622,-1,0,31110,31110,70,1
1,18,in_out,casual,ebike,634,-1,0,31296,31296,70,1
1,19,in_system,member,ebike,698,-1,-1,31113,31113,31110,1
1,20,in_out,member,pedalbike,699,-1,0,31296,31296,70,1
1,21,in_out,casual,ebike,717,-1,0,31113,31113,70,1
1,22,in_out,member,pedalbike,750,-1,0,31110,31110,70,1
1,23,in_out,member,ebike,860,-1,0,31110,31110,70,1
1,24,in_out,member,ebike,1023,-1,0,31114,31114,70,1
1,25,in_out,casual,ebike,1051,-1,0,31113,31113,70,1
2,1,in_out,member,ebike,461,-1,0,31110,31110,70,1
2,2,in_out,member,ebike,469,-1,0,31110,31110,70,1
2,3,in_out,member,ebike,473,-1,0,31110,31110,70,1
2,4,in_out,casual,ebike,478,-1,0,31110,31110,70,1
2,5,in_out,casual,ebike,481,-1,0,31110,31110,70,1
2,6,in_out,member,pedalbike,481,-1,0,31110,31110,70,1
2,7,in_out,member,ebike,482,-1,0,31110,31110,70,1
2,8,in_out,member,ebike,488,-1,0,31110,31110,70,1
2,9,in_out,member,ebike,497,-1,0,31110,31110,70,1
2,10,in_out,casual,ebike,503,-1,0,31110,31110,70,1
2,11,in_out,member,ebike,511,-1,0,31104,31104,70,1
2,12,in_out,casual,ebike,520,-1,0,31104,31104,70,1
2,13,in_out,member,ebike,536,-1,0,31104,31104,70,1
2,14,in_out,casual,ebike,537,-1,0,31104,31104,70,1
2,15,in_out,member,ebike,558,-1,0,31104,31104,70,1
2,16,in_out,member,ebike,576,-1,0,31104,31104,70,1
2,17,in_out,member,ebike,577,-1,0,31104,31104,70,1
2,18,in_out,member,ebike,591,-1,0,31104,31104,70,1
2,19,in_out,member,pedalbike,622,-1,0,31113,31113,70,1
2,20,in_out,member,ebike,628,-1,0,31113,31113,70,1
2,21,in_system,member,ebike,659,-1,-1,31110,31110,31116,1
2,22,in_out,member,ebike,662,-1,0,31104,31104,70,1
2,23,in_out,casual,ebike,693,-1,0,31110,31110,70,1
2,24,in_out,member,ebike,698,-1,0,31110,31110,70,1
2,25,in_out,casual,ebike,707,-1,0,31110,31110,70,1
2,26,in_out,member,pedalbike,742,-1,0,31104,31104,70,1
2,27,in_out,member,ebike,757,-1,0,31296,31296,70,1
2,28,in_out,casual,ebike,809,-1,0,31296,31296,70,1
2,29,in_out,member,ebike,820,-1,0,31296,31296,70,1
2,30,in_out,member,ebike,841,-1,0,31296,31296,70,1
2,31,in_out,casual,ebike,890,-1,0,31104,31104,70,1
2,32,in_out,casual,ebike,898,-1,0,31104,31104,70,1
2,33,in_out,member,ebike,904,-1,0,31296,31296,70,1
2,34,in_out,member,pedalbike,905,-1,0,31296,31296,70,1
2,35,in_out,casual,ebike,908,-1,0,31104,31104,70,1
2,36,in_out,casual,ebike,916,-1,0,31113,31113,70,1
2,37,in_out,member,ebike,935,-1,0,31104,31104,70,1
2,38,in_out,casual,ebike,1044,-1,0,31113,31113,70,1
2,39,in_system,member,ebike,1214,-1,-1,31113,31113,31110,1
2,40,in_out,member,ebike,1265,-1,0,31113,31113,70,1
2,41,in_out,member,ebike,1311,-1,0,31113,31113,70,1
2,42,in_out,member,pedalbike,1313,-1,0,31113,31113,70,1
2,43,in_system,member,ebike,1325,-1,-1,31113,31113,31116,1
