run,cust_id,system,cust_type,bike_type,start_time,end_time,duration,perm_start_station_id,start_station_id,end_station_id,satisfaction
0,1,in_out,member,ebike,52,-1,0,31116,31116,70,0
0,2,in_out,member,pedalbike,171,-1,0,31114,31114,70,0
0,3,in_out,casual,pedalbike,213,-1,0,31114,31114,70,0
0,4,in_out,member,pedalbike,221,-1,0,31116,31116,70,0
0,5,in_out,casual,ebike,230,-1,0,31104,31104,70,0
0,6,in_out,member,ebike,248,-1,0,31113,31113,70,0
0,7,in_out,member,ebike,256,-1,0,31116,31116,70,0
0,8,in_out,member,ebike,259,-1,0,31114,31114,70,0
0,9,in_system,member,ebike,260,265.0,5.0,31296,31296,31114,0
0,10,in_system,member,ebike,283,288.0,5.0,31296,31296,31114,0
0,11,out_in,member,ebike,-1,301,0,70,70,31113,0
0,12,in_system,casual,ebike,309,313.0,4.0,31110,31110,31104,0
0,13,in_out,member,ebike,309,-1,0,31110,31110,70,0
0,14,out_in,casual,ebike,-1,328,0,70,70,31110,0
0,15,in_out,member,pedalbike,329,-1,0,31296,31296,70,2
0,16,in_out,member,ebike,334,-1,0,31104,31104,70,0
0,17,out_in,member,ebike,-1,347,0,70,70,31296,0
0,18,in_out,member,ebike,347,-1,0,31104,31104,70,0
0,19,in_out,casual,pedalbike,350,-1,0,31104,31104,70,2
0,20,out_in,member,pedalbike,-1,357,0,70,70,31113,0
0,21,out_in,member,ebike,-1,362,0,70,70,31116,0
0,22,out_in,member,ebike,-1,363,0,70,70,31116,0
0,23,out_in,member,ebike,-1,363,0,70,70,31116,0
0,24,out_in,member,ebike,-1,364,0,70,70,31114,0
0,25,in_out,member,ebike,372,-1,0,31113,31113,70,0
0,26,in_out,casual,ebike,373,-1,0,31113,31113,70,0
0,27,out_in,member,ebike,-1,374,0,70,70,31114,0
0,28,out_in,member,ebike,-1,374,0,70,70,31110,0
0,29,out_in,casual,ebike,-1,376,0,70,70,31116,0
0,30,out_in,member,ebike,-1,389,0,70,70,31114,0
0,31,in_out,member,ebike,391,-1,0,31110,31110,70,0
0,32,in_out,casual,ebike,391,-1,0,31110,31110,70,0
0,33,out_in,member,ebike,-1,392,0,70,70,31110,0
0,34,in_out,member,ebike,396,-1,0,31116,31116,70,0
0,35,in_out,member,pedalbike,399,-1,0,31114,31114,70,0
0,36,out_in,member,ebike,-1,401,0,70,70,31110,0
0,37,out_in,member,pedalbike,-1,413,0,70,70,31110,0
0,38,out_in,member,ebike,-1,414,0,70,70,31113,0
0,39,in_out,member,ebike,415,-1,0,31110,31110,70,0
0,40,in_system,casual,ebike,420,424.0,4.0,31113,31113,31114,0
0,41,in_out,member,ebike,421,-1,0,31113,31113,70,0
0,42,in_out,casual,ebike,421,-1,0,31113,31113,70,0
0,43,out_in,member,ebike,-1,422,0,70,70,31116,0
0,44,in_out,member,ebike,426,-1,0,31113,31113,70,0
0,45,in_out,member,pedalbike,426,-1,0,31104,31104,70,2
0,46,out_in,member,ebike,-1,427,0,70,70,31110,0
0,47,in_system,member,pedalbike,428,432.0,4.0,31104,31104,31110,2
0,48,in_out,member,ebike,428,-1,0,31296,31296,70,0
0,49,in_out,member,ebike,428,-1,0,31116,31116,70,0
0,50,in_out,member,pedalbike,428,-1,0,31104,31104,70,2
0,51,in_out,casual,ebike,429,-1,0,31116,31116,70,0
0,52,out_in,casual,ebike,-1,430,0,70,70,31110,0
0,53,in_out,member,ebike,431,-1,0,31114,31114,70,0
0,54,in_out,member,pedalbike,434,-1,0,31104,31104,70,2
0,55,in_out,member,pedalbike,435,-1,0,31113,31113,70,2
0,56,in_out,member,pedalbike,436,-1,0,31104,31104,70,2
0,57,out_in,member,ebike,-1,439,0,70,70,31114,0
0,58,in_out,member,pedalbike,439,-1,0,31113,31113,70,2
0,59,in_out,member,pedalbike,443,-1,0,31113,31113,70,2
0,60,in_out,casual,ebike,445,-1,0,31110,31110,70,0
0,61,out_in,member,ebike,-1,446,0,70,70,31110,0
0,62,in_out,member,pedalbike,446,-1,0,31110,31110,70,0
0,63,in_out,casual,ebike,447,-1,0,31110,31110,70,0
0,64,in_out,member,ebike,447,-1,0,31114,31114,70,0
0,65,out_in,member,ebike,-1,448,0,70,70,31110,0
0,66,in_out,member,pedalbike,448,-1,0,31113,31113,70,2
0,67,in_out,member,pedalbike,448,-1,0,31104,31104,70,2
0,68,out_in,member,ebike,-1,454,0,70,70,31110,0
0,69,in_out,casual,pedalbike,454,-1,0,31114,31114,70,0
0,70,in_out,casual,pedalbike,455,-1,0,31113,31113,70,2
0,71,in_out,member,ebike,458,-1,0,31110,31110,70,0
0,72,in_out,member,pedalbike,464,-1,0,31296,31296,70,2
0,73,in_out,member,ebike,464,-1,0,31110,31110,70,0
0,74,in_out,member,pedalbike,465,-1,0,31296,31296,70,2
0,75,out_in,member,ebike,-1,466,0,70,70,31104,0
0,76,in_out,member,ebike,466,-1,0,31114,31114,70,0
0,77,in_out,member,pedalbike,469,-1,0,31116,31116,70,0
0,78,out_in,member,pedalbike,-1,471,0,70,70,31116,0
0,79,in_system,member,pedalbike,472,475.0,3.0,31296,31296,31113,2
0,80,in_out,member,ebike,472,-1,0,31114,31114,70,0
0,81,in_out,member,pedalbike,472,-1,0,31114,31114,70,0
0,82,in_out,casual,pedalbike,472,-1,0,31113,31113,70,0
0,83,in_out,member,pedalbike,472,-1,0,31296,31296,70,2
0,84,in_out,member,ebike,474,-1,0,31104,31104,70,0
0,85,in_out,member,pedalbike,474,-1,0,31113,31113,70,2
0,86,in_out,member,ebike,475,-1,0,31110,31110,70,0
0,87,in_out,casual,ebike,479,-1,0,31116,31116,70,0
0,88,out_in,casual,ebike,-1,482,0,70,70,31113,0
0,89,out_in,member,ebike,-1,486,0,70,70,31104,0
0,90,out_in,member,ebike,-1,487,0,70,70,31114,0
0,91,in_out,casual,pedalbike,487,-1,0,31296,31296,70,2
0,92,in_out,member,ebike,487,-1,0,31104,31104,70,0
0,93,in_out,member,ebike,489,-1,0,31116,31116,70,0
0,94,out_in,member,pedalbike,-1,491,0,70,70,31110,0
0,95,in_out,casual,ebike,493,-1,0,31110,31110,70,0
0,96,in_out,member,ebike,497,-1,0,31113,31113,70,0
0,97,in_out,casual,pedalbike,499,-1,0,31116,31116,70,2
0,98,in_system,member,pedalbike,501,504.0,3.0,31296,31296,31114,2
0,99,in_out,member,pedalbike,502,-1,0,31113,31113,70,2
0,100,out_in,member,ebike,-1,505,0,70,70,31114,0
0,101,in_out,member,pedalbike,505,-1,0,31116,31116,70,2
0,102,in_out,member,ebike,506,-1,0,31114,31114,70,0
0,103,in_out,casual,pedalbike,506,-1,0,31113,31113,70,0
0,104,out_in,casual,ebike,-1,507,0,70,70,31113,0
0,105,in_out,member,pedalbike,507,-1,0,31110,31110,70,2
0,106,in_out,member,ebike,508,-1,0,31114,31114,70,0
0,107,in_out,casual,pedalbike,508,-1,0,31110,31110,70,2
0,108,in_out,casual,pedalbike,510,-1,0,31110,31110,70,2
0,109,out_in,member,ebike,-1,511,0,70,70,31116,0
0,110,out_in,member,ebike,-1,512,0,70,70,31296,0
0,111,out_in,member,ebike,-1,512,0,70,70,31296,0
0,112,in_out,member,pedalbike,513,-1,0,31110,31110,70,2
0,113,in_out,member,ebike,514,-1,0,31296,31296,70,0
0,114,in_out,member,ebike,514,-1,0,31114,31114,70,0
0,115,in_out,casual,ebike,516,-1,0,31296,31296,70,0
0,116,in_out,member,pedalbike,520,-1,0,31110,31110,70,2
0,117,in_out,member,pedalbike,521,-1,0,31110,31110,70,2
0,118,out_in,member,ebike,-1,523,0,70,70,31104,0
0,119,out_in,casual,pedalbike,-1,527,0,70,70,31104,0
0,120,in_out,casual,ebike,528,-1,0,31114,31114,70,0
0,121,in_out,member,pedalbike,529,-1,0,31113,31113,70,0
0,122,in_out,member,ebike,531,-1,0,31116,31116,70,0
0,123,out_in,member,ebike,-1,532,0,70,70,31114,0
0,124,out_in,member,ebike,-1,535,0,70,70,31114,0
0,125,in_out,member,ebike,537,-1,0,31113,31113,70,0
0,126,in_out,member,ebike,538,-1,0,31114,31114,70,0
0,127,in_out,casual,pedalbike,539,-1,0,31296,31296,70,2
0,128,out_in,member,ebike,-1,546,0,70,70,31114,0
0,129,out_in,member,ebike,-1,547,0,70,70,31114,0
0,130,in_out,casual,pedalbike,549,-1,0,31113,31113,70,0
0,131,in_out,casual,ebike,554,-1,0,31104,31104,70,0
0,132,out_in,member,ebike,-1,556,0,70,70,31104,0
0,133,in_out,member,pedalbike,557,-1,0,31116,31116,70,2
0,134,out_in,member,ebike,-1,559,0,70,70,31110,0
0,135,in_out,member,ebike,561,-1,0,31114,31114,70,0
0,136,in_out,member,ebike,561,-1,0,31110,31110,70,0
0,137,out_in,member,ebike,-1,584,0,70,70,31116,0
0,138,out_in,casual,ebike,-1,584,0,70,70,31104,0
0,139,out_in,member,ebike,-1,584,0,70,70,31116,0
0,140,in_out,member,ebike,586,-1,0,31114,31114,70,0
0,141,in_out,member,pedalbike,594,-1,0,31296,31296,70,2
0,142,in_system,member,pedalbike,597,601.0,4.0,31296,31296,31296,2
0,143,in_out,casual,pedalbike,598,-1,0,31296,31296,70,2
0,144,out_in,member,ebike,-1,608,0,70,70,31110,0
0,145,out_in,member,ebike,-1,609,0,70,70,31116,0
0,146,out_in,member,ebike,-1,610,0,70,70,31116,0
0,147,in_out,member,ebike,625,-1,0,31114,31114,70,0
0,148,out_in,member,ebike,-1,633,0,70,70,31104,0
0,149,in_out,member,pedalbike,633,-1,0,31296,31296,70,2
0,150,out_in,member,ebike,-1,647,0,70,70,31110,0
0,151,in_out,casual,ebike,651,-1,0,31114,31114,70,0
0,152,out_in,member,ebike,-1,660,0,70,70,31114,0
0,153,in_out,member,pedalbike,661,-1,0,31114,31114,70,0
0,154,in_out,casual,ebike,666,-1,0,31114,31114,70,0
0,155,out_in,member,pedalbike,-1,674,0,70,70,31116,0
0,156,out_in,member,ebike,-1,682,0,70,70,31104,0
0,157,out_in,member,ebike,-1,686,0,70,70,31104,0
0,158,in_out,member,pedalbike,687,-1,0,31113,31113,70,0
0,159,in_out,casual,ebike,691,-1,0,31110,31110,70,0
0,160,out_in,member,ebike,-1,703,0,70,70,31113,0
0,161,out_in,casual,ebike,-1,704,0,70,70,31113,0
0,162,out_in,member,ebike,-1,712,0,70,70,31110,0
0,163,out_in,member,ebike,-1,713,0,70,70,31113,0
0,164,out_in,member,ebike,-1,717,0,70,70,31116,0
0,165,out_in,casual,ebike,-1,726,0,70,70,31116,0
0,166,out_in,member,ebike,-1,731,0,70,70,31104,0
0,167,in_out,member,ebike,735,-1,0,31114,31114,70,0
0,168,out_in,casual,ebike,-1,736,0,70,70,31113,0
0,169,out_in,member,ebike,-1,740,0,70,70,31114,0
0,170,out_in,member,ebike,-1,743,0,70,70,31296,0
0,171,in_out,member,ebike,746,-1,0,31296,31296,70,0
0,172,out_in,casual,ebike,-1,747,0,70,70,31104,0
0,173,in_out,member,ebike,747,-1,0,31104,31104,70,0
0,174,in_out,member,ebike,750,-1,0,31110,31110,70,0
0,175,in_out,casual,ebike,751,-1,0,31110,31110,70,0
0,176,in_out,member,ebike,760,-1,0,31104,31104,70,0
0,177,out_in,member,ebike,-1,763,0,70,70,31104,0
0,178,out_in,member,ebike,-1,766,0,70,70,31116,0
0,179,in_out,casual,ebike,766,-1,0,31113,31113,70,0
0,180,out_in,member,ebike,-1,771,0,70,70,31296,0
0,181,out_in,casual,pedalbike,-1,778,0,70,70,31104,0
0,182,in_out,member,ebike,780,-1,0,31114,31114,70,0
0,183,in_out,member,ebike,784,-1,0,31296,31296,70,0
0,184,out_in,member,ebike,-1,788,0,70,70,31110,0
0,185,out_in,casual,pedalbike,-1,792,0,70,70,31104,0
0,186,out_in,member,ebike,-1,796,0,70,70,31114,0
0,187,in_out,member,ebike,798,-1,0,31116,31116,70,0
0,188,out_in,casual,ebike,-1,800,0,70,70,31110,0
0,189,out_in,member,ebike,-1,801,0,70,70,31114,0
0,190,out_in,member,ebike,-1,802,0,70,70,31113,0
0,191,out_in,member,pedalbike,-1,805,0,70,70,31296,0
0,192,in_out,member,ebike,809,-1,0,31104,31104,70,0
0,193,out_in,member,ebike,-1,811,0,70,70,31110,0
0,194,in_out,casual,ebike,812,-1,0,31110,31110,70,0
0,195,out_in,member,ebike,-1,814,0,70,70,31110,0
0,196,in_system,member,ebike,817,822.0,5.0,31113,31113,31296,0
0,197,in_out,member,ebike,821,-1,0,31110,31110,70,0
0,198,in_out,member,pedalbike,822,-1,0,31114,31114,70,0
0,199,out_in,member,ebike,-1,831,0,70,70,31113,0
0,200,in_out,member,ebike,835,-1,0,31113,31113,70,2
0,201,out_in,member,ebike,-1,837,0,70,70,31114,0
0,202,out_in,member,ebike,-1,843,0,70,70,31116,0
0,203,out_in,member,ebike,-1,848,0,70,70,31113,0
0,204,in_out,casual,ebike,851,-1,0,31296,31296,70,0
0,205,out_in,casual,ebike,-1,855,0,70,70,31116,0
0,206,out_in,member,ebike,-1,868,0,70,70,31114,0
0,207,out_in,member,ebike,-1,868,0,70,70,31116,0
0,208,in_system,casual,ebike,871,897.0,26.0,31113,31113,31110,0
0,209,in_system,member,ebike,872,876.0,4.0,31110,31110,31113,2
0,210,out_in,casual,pedalbike,-1,873,0,70,70,31116,0
0,211,out_in,casual,ebike,-1,875,0,70,70,31296,0
0,212,out_in,member,ebike,-1,888,0,70,70,31104,0
0,213,out_in,member,ebike,-1,889,0,70,70,31104,0
0,214,in_out,member,ebike,899,-1,0,31296,31296,70,0
0,215,in_out,casual,ebike,899,-1,0,31104,31104,70,0
0,216,out_in,member,ebike,-1,901,0,70,70,31296,0
0,217,out_in,casual,ebike,-1,904,0,70,70,31104,0
0,218,out_in,member,ebike,-1,907,0,70,70,31104,0
0,219,in_system,member,ebike,910,940.0,30.0,31296,31296,31104,0
0,220,out_in,casual,ebike,-1,913,0,70,70,31113,0
0,221,in_system,member,ebike,914,940.0,26.0,31113,31113,31110,0
0,222,out_in,member,pedalbike,-1,915,0,70,70,31116,0
0,223,in_out,casual,ebike,917,-1,0,31116,31116,70,0
0,224,in_out,member,ebike,919,-1,0,31114,31114,70,0
0,225,out_in,member,ebike,-1,924,0,70,70,31104,0
0,226,out_in,member,ebike,-1,931,0,70,70,31110,0
0,227,in_out,member,ebike,932,-1,0,31110,31110,70,0
0,228,in_out,member,ebike,933,-1,0,31110,31110,70,0
0,229,in_out,member,ebike,933,-1,0,31113,31113,70,0
0,230,in_out,member,pedalbike,936,-1,0,31296,31296,70,0
0,231,out_in,casual,ebike,-1,943,0,70,70,31104,0
0,232,in_out,member,ebike,943,-1,0,31114,31114,70,0
0,233,in_out,casual,ebike,943,-1,0,31114,31114,70,0
0,234,in_out,casual,ebike,944,-1,0,31116,31116,70,0
0,235,out_in,casual,ebike,-1,946,0,70,70,31113,0
0,236,in_out,casual,pedalbike,956,-1,0,31114,31114,70,0
0,237,in_out,member,ebike,957,-1,0,31110,31110,70,0
0,238,out_in,member,ebike,-1,958,0,70,70,31113,0
0,239,in_out,member,ebike,959,-1,0,31114,31114,70,0
0,240,in_out,member,ebike,962,-1,0,31104,31104,70,0
0,241,out_in,member,ebike,-1,966,0,70,70,31116,0
0,242,out_in,member,ebike,-1,967,0,70,70,31114,0
0,243,out_in,member,ebike,-1,967,0,70,70,31114,0
0,244,out_in,member,ebike,-1,974,0,70,70,31110,0
0,245,out_in,casual,pedalbike,-1,976,0,70,70,31110,0
0,246,in_out,member,ebike,979,-1,0,31113,31113,70,0
0,247,in_out,member,ebike,981,-1,0,31104,31104,70,0
0,248,out_in,member,ebike,-1,986,0,70,70,31296,0
0,249,out_in,member,ebike,-1,986,0,70,70,31296,0
0,250,out_in,member,ebike,-1,987,0,70,70,31114,0
0,251,in_out,member,pedalbike,989,-1,0,31104,31104,70,0
0,252,out_in,member,ebike,-1,991,0,70,70,31114,0
0,253,out_in,casual,ebike,-1,991,0,70,70,31114,0
0,254,in_out,member,ebike,991,-1,0,31114,31114,70,0
0,255,out_in,member,ebike,-1,992,0,70,70,31114,0
0,256,in_out,member,ebike,992,-1,0,31113,31113,70,2
0,257,in_out,casual,ebike,994,-1,0,31296,31296,70,0
0,258,in_out,member,ebike,997,-1,0,31113,31113,70,0
0,259,out_in,member,ebike,-1,998,0,70,70,31114,0
0,260,in_out,member,ebike,1002,-1,0,31110,31110,70,0
0,261,out_in,member,ebike,-1,1004,0,70,70,31113,0
0,262,out_in,member,ebike,-1,1006,0,70,70,31110,0
0,263,out_in,member,ebike,-1,1006,0,70,70,31114,0
0,264,in_out,casual,ebike,1008,-1,0,31114,31114,70,0
0,265,out_in,member,ebike,-1,1011,0,70,70,31110,0
0,266,out_in,member,ebike,-1,1011,0,70,70,31114,0
0,267,out_in,member,ebike,-1,1013,0,70,70,31110,0
0,268,out_in,casual,ebike,-1,1013,0,70,70,31114,0
0,269,in_out,member,ebike,1013,-1,0,31113,31113,70,0
0,270,in_out,member,ebike,1013,-1,0,31110,31110,70,0
0,271,in_out,casual,pedalbike,1017,-1,0,31114,31114,70,0
0,272,in_out,casual,pedalbike,1018,-1,0,31104,31104,70,0
0,273,out_in,casual,ebike,-1,1019,0,70,70,31116,0
0,274,in_out,casual,ebike,1020,-1,0,31114,31114,70,0
0,275,in_out,member,ebike,1020,-1,0,31116,31116,70,0
0,276,in_out,member,ebike,1021,-1,0,31116,31116,70,0
0,277,out_in,member,pedalbike,-1,1022,0,70,70,31114,0
0,278,out_in,casual,ebike,-1,1022,0,70,70,31104,0
0,279,in_out,member,ebike,1023,-1,0,31104,31104,70,0
0,280,in_out,member,ebike,1023,-1,0,31110,31110,70,0
0,281,in_out,member,ebike,1023,-1,0,31116,31116,70,0
0,282,out_in,member,ebike,-1,1024,0,70,70,31116,0
0,283,out_in,member,ebike,-1,1025,0,70,70,31113,0
0,284,in_out,member,ebike,1025,-1,0,31296,31296,70,0
0,285,out_in,member,ebike,-1,1028,0,70,70,31104,0
0,286,in_out,member,pedalbike,1028,-1,0,31114,31114,70,0
0,287,in_out,member,ebike,1029,-1,0,31116,31116,70,0
0,288,out_in,member,pedalbike,-1,1031,0,70,70,31110,0
0,289,out_in,casual,ebike,-1,1031,0,70,70,31114,0
0,290,out_in,casual,ebike,-1,1031,0,70,70,31104,0
0,291,out_in,casual,ebike,-1,1032,0,70,70,31114,0
0,292,out_in,member,ebike,-1,1033,0,70,70,31110,0
0,293,out_in,member,ebike,-1,1034,0,70,70,31116,0
0,294,out_in,member,ebike,-1,1035,0,70,70,31110,0
0,295,in_out,casual,pedalbike,1035,-1,0,31104,31104,70,0
0,296,in_system,member,ebike,1037,1040.0,3.0,31114,31114,31110,0
0,297,out_in,member,ebike,-1,1038,0,70,70,31113,0
0,298,out_in,member,pedalbike,-1,1039,0,70,70,31114,0
0,299,out_in,casual,ebike,-1,1039,0,70,70,31113,0
0,300,out_in,member,pedalbike,-1,1039,0,70,70,31113,0
0,301,in_out,casual,ebike,1039,-1,0,31113,31113,70,0
0,302,in_out,member,ebike,1040,-1,0,31114,31114,70,0
0,303,in_system,member,ebike,1041,1062.0,21.0,31104,31104,31113,0
0,304,in_out,member,ebike,1041,-1,0,31110,31110,70,0
0,305,out_in,member,ebike,-1,1043,0,70,70,31296,0
0,306,out_in,member,ebike,-1,1043,0,70,70,31110,0
0,307,out_in,member,ebike,-1,1044,0,70,70,31110,0
0,308,out_in,member,ebike,-1,1044,0,70,70,31114,0
0,309,in_out,member,ebike,1044,-1,0,31104,31104,70,0
0,310,out_in,casual,pedalbike,-1,1047,0,70,70,31114,0
0,311,out_in,casual,ebike,-1,1047,0,70,70,31110,0
0,312,in_out,member,ebike,1048,-1,0,31296,31296,70,0
0,313,out_in,member,ebike,-1,1049,0,70,70,31114,0
0,314,out_in,member,ebike,-1,1049,0,70,70,31114,0
0,315,out_in,member,ebike,-1,1049,0,70,70,31296,0
0,316,out_in,casual,ebike,-1,1052,0,70,70,31116,0
0,317,out_in,member,ebike,-1,1053,0,70,70,31114,0
0,318,in_out,casual,ebike,1053,-1,0,31110,31110,70,0
0,319,out_in,member,ebike,-1,1054,0,70,70,31110,0
0,320,out_in,member,pedalbike,-1,1054,0,70,70,31296,0
0,321,out_in,member,ebike,-1,1054,0,70,70,31104,0
0,322,out_in,member,ebike,-1,1054,0,70,70,31110,0
0,323,in_out,casual,ebike,1054,-1,0,31110,31110,70,0
0,324,in_out,casual,ebike,1056,-1,0,31113,31113,70,0
0,325,out_in,member,ebike,-1,1057,0,70,70,31114,0
0,326,out_in,member,ebike,-1,1057,0,70,70,31116,0
0,327,out_in,member,ebike,-1,1059,0,70,70,31113,0
0,328,out_in,casual,ebike,-1,1059,0,70,70,31104,0
0,329,out_in,member,ebike,-1,1060,0,70,70,31114,0
0,330,out_in,casual,ebike,-1,1061,0,70,70,31104,0
0,331,out_in,casual,ebike,-1,1061,0,70,70,31114,0
0,332,out_in,casual,ebike,-1,1062,0,70,70,31113,0
0,333,out_in,member,ebike,-1,1062,0,70,70,31116,0
0,334,out_in,member,ebike,-1,1062,0,70,70,31110,0
0,335,out_in,member,ebike,-1,1063,0,70,70,31110,0
0,336,in_out,casual,ebike,1064,-1,0,31296,31296,70,0
0,337,in_out,member,ebike,1064,-1,0,31110,31110,70,0
0,338,out_in,member,ebike,-1,1066,0,70,70,31104,0
0,339,out_in,member,ebike,-1,1066,0,70,70,31104,0
0,340,out_in,member,ebike,-1,1067,0,70,70,31104,0
0,341,in_out,member,ebike,1071,-1,0,31114,31114,70,0
0,342,out_in,member,ebike,-1,1072,0,70,70,31296,0
0,343,out_in,member,ebike,-1,1072,0,70,70,31114,0
0,344,out_in,member,ebike,-1,1101.0,14.0,70,31116,31114,1
0,345,in_out,member,pedalbike,1073,-1,0,31113,31113,70,0
0,346,out_in,casual,pedalbike,-1,1090.0,2.0,70,31116,31114,1
0,347,out_in,casual,ebike,-1,1075,0,70,70,31110,0
0,348,out_in,casual,ebike,-1,1076,0,70,70,31110,0
0,349,out_in,member,ebike,-1,1091.0,14.0,70,31116,31114,1
0,350,out_in,member,ebike,-1,1077,0,70,70,31116,0
0,351,out_in,member,ebike,-1,1113.0,30.0,70,31296,31104,1
0,352,in_out,member,ebike,1083,-1,0,31110,31110,70,0
0,353,out_in,casual,ebike,-1,1084,0,70,70,31113,0
0,354,in_out,member,ebike,1084,-1,0,31116,31116,70,0
0,355,out_in,casual,ebike,-1,1085,0,70,70,31110,0
0,356,in_out,member,ebike,1085,-1,0,31104,31104,70,0
0,357,out_in,member,ebike,-1,1087,0,70,70,31110,0
0,358,out_in,member,ebike,-1,1087,0,70,70,31113,0
0,359,in_out,casual,ebike,1087,-1,0,31113,31113,70,0
0,360,out_in,member,ebike,-1,1089,0,70,70,31104,0
0,361,in_out,member,ebike,1089,-1,0,31104,31104,70,2
0,362,in_out,casual,pedalbike,1089,-1,0,31296,31296,70,0
0,363,out_in,member,pedalbike,-1,1090,0,70,70,31104,0
0,364,in_out,member,pedalbike,1090,-1,0,31114,31114,70,0
0,365,in_out,member,ebike,1091,-1,0,31114,31114,70,0
0,366,in_out,member,pedalbike,1092,-1,0,31110,31110,70,0
0,367,out_in,member,ebike,-1,1094,0,70,70,31110,0
0,368,in_out,member,ebike,1095,-1,0,31116,31116,70,0
0,369,in_out,member,ebike,1095,-1,0,31104,31104,70,0
0,370,in_out,member,ebike,1095,-1,0,31110,31110,70,0
0,371,in_out,member,ebike,1096,-1,0,31114,31114,70,0
0,372,in_out,member,ebike,1096,-1,0,31296,31296,70,0
0,373,in_out,member,pedalbike,1097,-1,0,31116,31116,70,0
0,374,out_in,casual,ebike,-1,1099,0,70,70,31113,0
0,375,out_in,member,ebike,-1,1099,0,70,70,31114,0
0,376,in_out,member,ebike,1100,-1,0,31113,31113,70,0
0,377,in_out,member,ebike,1101,-1,0,31114,31114,70,0
0,378,out_in,member,ebike,-1,1103,0,70,70,31110,0
0,379,out_in,member,ebike,-1,1104,0,70,70,31116,0
0,380,in_out,member,ebike,1104,-1,0,31114,31114,70,0
0,381,out_in,casual,ebike,-1,1105,0,70,70,31114,0
0,382,out_in,casual,ebike,-1,1163.0,14.0,70,31116,31114,1
0,383,in_out,casual,ebike,1110,-1,0,31113,31113,70,0
0,384,in_out,member,ebike,1112,-1,0,31104,31104,70,0
0,385,in_out,casual,ebike,1112,-1,0,31110,31110,70,0
0,386,out_in,member,pedalbike,-1,1113,0,70,70,31116,0
0,387,out_in,member,ebike,-1,1113,0,70,70,31113,0
0,388,in_out,member,pedalbike,1113,-1,0,31116,31116,70,0
0,389,in_out,casual,ebike,1115,-1,0,31110,31110,70,0
0,390,out_in,member,pedalbike,-1,1117,0,70,70,31104,0
0,391,out_in,member,ebike,-1,1117,0,70,70,31110,0
0,392,out_in,member,ebike,-1,1117,0,70,70,31296,0
0,393,in_out,casual,pedalbike,1117,-1,0,31104,31104,70,0
0,394,in_out,member,ebike,1120,-1,0,31104,31104,70,0
0,395,in_system,casual,ebike,1121,1123.0,2.0,31113,31113,31116,0
0,396,out_in,member,ebike,-1,1121,0,70,70,31104,0
0,397,in_out,casual,ebike,1125,-1,0,31116,31116,70,0
0,398,out_in,member,pedalbike,-1,1126,0,70,70,31104,0
0,399,in_out,member,ebike,1126,-1,0,31116,31116,70,0
0,400,out_in,casual,ebike,-1,1127,0,70,70,31110,0
0,401,in_out,member,ebike,1127,-1,0,31116,31116,70,0
0,402,out_in,member,ebike,-1,1170.0,14.0,70,31116,31114,1
0,403,out_in,member,pedalbike,-1,1128,0,70,70,31113,0
0,404,out_in,member,ebike,-1,1129,0,70,70,31110,0
0,405,out_in,casual,ebike,-1,1131,0,70,70,31110,0
0,406,in_out,member,ebike,1131,-1,0,31104,31104,70,0
0,407,out_in,casual,ebike,-1,1135,0,70,70,31116,0
0,408,in_out,member,ebike,1135,-1,0,31113,31113,70,0
0,409,out_in,casual,ebike,-1,1192.0,14.0,70,31116,31114,1
0,410,out_in,member,ebike,-1,1136,0,70,70,31116,0
0,411,out_in,member,ebike,-1,1137,0,70,70,31104,0
0,412,out_in,member,ebike,-1,1445.0,14.0,70,31116,31114,1
0,413,in_out,member,ebike,1139,-1,0,31110,31110,70,0
0,414,out_in,member,ebike,-1,1140,0,70,70,31296,0
0,415,in_out,member,ebike,1140,-1,0,31104,31104,70,0
0,416,in_out,member,ebike,1141,-1,0,31116,31116,70,0
0,417,out_in,member,ebike,-1,1296.0,14.0,70,31116,31114,1
0,418,in_out,member,ebike,1142,-1,0,31104,31104,70,0
0,419,out_in,member,pedalbike,-1,1143,0,70,70,31110,0
0,420,out_in,casual,ebike,-1,1311.0,14.0,70,31116,31114,1
0,421,in_out,member,pedalbike,1145,-1,0,31114,31114,70,0
0,422,out_in,casual,ebike,-1,1273.0,14.0,70,31116,31114,1
0,423,out_in,member,ebike,-1,1149,0,70,70,31116,0
0,424,out_in,member,ebike,-1,1149,0,70,70,31104,0
0,425,out_in,member,ebike,-1,1149,0,70,70,31104,0
0,426,out_in,casual,ebike,-1,1149,0,70,70,31116,0
0,427,in_out,member,ebike,1150,-1,0,31113,31113,70,0
0,428,in_out,member,ebike,1151,-1,0,31296,31296,70,2
0,429,out_in,member,ebike,-1,1274.0,30.0,70,31296,31104,1
0,430,out_in,member,pedalbike,-1,1167.0,2.0,70,31116,31114,1
0,431,out_in,member,ebike,-1,1155,0,70,70,31116,0
0,432,out_in,casual,ebike,-1,1188.0,30.0,70,31296,31104,1
0,433,in_out,member,ebike,1159,-1,0,31116,31116,70,0
0,434,in_out,member,ebike,1161,-1,0,31296,31296,70,0
0,435,in_out,member,ebike,1161,-1,0,31110,31110,70,0
0,436,in_out,member,pedalbike,1162,-1,0,31114,31114,70,0
0,437,out_in,member,pedalbike,-1,1183.0,2.0,70,31116,31114,1
0,438,in_out,member,ebike,1166,-1,0,31114,31114,70,0
0,439,in_out,member,pedalbike,1167,-1,0,31110,31110,70,0
0,440,out_in,member,ebike,-1,1168,0,70,70,31110,0
0,441,in_out,member,ebike,1168,-1,0,31116,31116,70,0
0,442,out_in,member,ebike,-1,1169,0,70,70,31110,0
0,443,out_in,member,ebike,-1,1199.0,30.0,70,31296,31104,1
0,444,in_out,member,ebike,1170,-1,0,31114,31114,70,0
0,445,out_in,member,ebike,-1,1451.0,14.0,70,31116,31114,1
0,446,out_in,member,ebike,-1,1451.0,14.0,70,31116,31114,1
0,447,out_in,member,ebike,-1,1452.0,14.0,70,31116,31114,1
0,448,out_in,member,ebike,-1,1172,0,70,70,31296,0
0,449,out_in,casual,ebike,-1,1173,0,70,70,31296,0
0,450,out_in,member,ebike,-1,1205.0,30.0,70,31296,31104,1
0,451,out_in,member,ebike,-1,1208.0,30.0,70,31296,31104,1
0,452,out_in,member,ebike,-1,1444.0,14.0,70,31116,31114,1
0,453,in_system,member,ebike,1180,1444.0,14.0,31113,31116,31114,1
0,454,out_in,member,ebike,-1,1180,0,70,70,31296,0
0,455,in_out,member,pedalbike,1182,-1,0,31114,31114,70,0
0,456,out_in,member,ebike,-1,1281.0,14.0,70,31116,31114,1
0,457,out_in,casual,ebike,-1,1215.0,30.0,70,31296,31104,1
0,458,out_in,casual,ebike,-1,1186,0,70,70,31116,0
0,459,in_out,casual,ebike,1188,-1,0,31104,31104,70,0
0,460,out_in,member,ebike,-1,1189,0,70,70,31296,0
0,461,in_out,member,ebike,1189,-1,0,31104,31104,70,0
0,462,in_out,casual,ebike,1190,-1,0,31114,31114,70,0
0,463,in_system,member,ebike,1192,1220.0,28.0,31116,31116,31116,0
0,464,out_in,member,ebike,-1,1192,0,70,70,31113,0
0,465,in_out,member,ebike,1193,-1,0,31104,31104,70,0
0,466,out_in,member,ebike,-1,1447.0,14.0,70,31116,31114,1
0,467,out_in,member,ebike,-1,1195,0,70,70,31296,0
0,468,out_in,member,ebike,-1,1195,0,70,70,31116,0
0,469,in_out,casual,ebike,1197,-1,0,31104,31104,70,0
0,470,out_in,casual,ebike,-1,1200,0,70,70,31296,0
0,471,out_in,member,ebike,-1,1202,0,70,70,31104,0
0,472,in_out,member,ebike,1202,-1,0,31296,31296,70,0
0,473,out_in,member,pedalbike,-1,1203,0,70,70,31296,0
0,474,in_out,casual,ebike,1204,-1,0,31104,31104,70,0
0,475,out_in,member,ebike,-1,1207,0,70,70,31113,0
0,476,in_out,casual,pedalbike,1207,-1,0,31113,31113,70,0
0,477,in_out,member,ebike,1207,-1,0,31296,31296,70,0
0,478,out_in,member,ebike,-1,1210,0,70,70,31116,0
0,479,out_in,member,pedalbike,-1,1222.0,2.0,70,31296,31104,1
0,480,out_in,member,pedalbike,-1,1211,0,70,70,31116,0
0,481,in_out,member,ebike,1211,-1,0,31116,31116,70,0
0,482,in_out,member,ebike,1215,-1,0,31104,31104,70,0
0,483,in_out,casual,ebike,1218,-1,0,31110,31110,70,0
0,484,out_in,member,ebike,-1,1279.0,30.0,70,31296,31104,1
0,485,in_out,casual,ebike,1221,-1,0,31104,31104,70,0
0,486,in_out,member,ebike,1221,-1,0,31110,31110,70,0
0,487,out_in,casual,ebike,-1,1452.0,14.0,70,31116,31114,1
0,488,in_out,member,ebike,1228,-1,0,31104,31104,70,0
0,489,out_in,member,pedalbike,-1,1331.0,2.0,70,31116,31114,1
0,490,in_out,member,ebike,1231,-1,0,31296,31296,70,0
0,491,out_in,casual,ebike,-1,1232,0,70,70,31296,0
0,492,out_in,member,pedalbike,-1,1232,0,70,70,31116,0
0,493,in_out,member,ebike,1232,-1,0,31110,31110,70,0
0,494,out_in,casual,ebike,-1,1234,0,70,70,31104,0
0,495,in_out,member,ebike,1235,-1,0,31116,31116,70,0
0,496,out_in,member,ebike,-1,1446.0,14.0,70,31116,31114,1
0,497,out_in,casual,ebike,-1,1236,0,70,70,31110,0
0,498,out_in,member,ebike,-1,1351.0,14.0,70,31116,31114,1
0,499,in_out,member,ebike,1241,-1,0,31110,31110,70,0
0,500,out_in,casual,ebike,-1,1452.0,14.0,70,31116,31114,1
0,501,out_in,member,ebike,-1,1441.0,14.0,70,31116,31114,1
0,502,in_system,member,ebike,1246,1274.0,28.0,31116,31116,31110,0
0,503,out_in,casual,ebike,-1,1276.0,30.0,70,31296,31104,1
0,504,in_out,casual,ebike,1247,-1,0,31110,31110,70,0
0,505,out_in,member,ebike,-1,1248,0,70,70,31110,0
0,506,in_out,casual,ebike,1249,-1,0,31296,31296,70,0
0,507,out_in,member,ebike,-1,1254,0,70,70,31116,0
0,508,in_out,casual,pedalbike,1254,-1,0,31296,31296,70,0
0,509,out_in,member,ebike,-1,1345.0,30.0,70,31296,31104,1
0,510,in_out,member,ebike,1256,-1,0,31104,31104,70,0
0,511,in_out,member,ebike,1258,-1,0,31110,31110,70,0
0,512,in_out,member,ebike,1258,-1,0,31116,31116,70,0
0,513,in_out,member,ebike,1259,-1,0,31113,31113,70,2
0,514,out_in,casual,pedalbike,-1,1260,0,70,70,31110,0
0,515,in_out,member,ebike,1261,-1,0,31296,31296,70,0
0,516,in_out,member,pedalbike,1263,-1,0,31104,31104,70,0
0,517,out_in,casual,ebike,-1,1265,0,70,70,31110,0
0,518,in_out,member,ebike,1265,-1,0,31104,31104,70,0
0,519,in_out,member,ebike,1266,-1,0,31113,31113,70,0
0,520,in_out,casual,ebike,1273,-1,0,31114,31114,70,0
0,521,out_in,member,ebike,-1,1276,0,70,70,31110,0
0,522,out_in,casual,ebike,-1,1277,0,70,70,31116,0
0,523,in_out,casual,ebike,1279,-1,0,31296,31296,70,0
0,524,in_out,casual,ebike,1280,-1,0,31114,31114,70,0
0,525,out_in,member,ebike,-1,1281,0,70,70,31116,0
0,526,out_in,member,pedalbike,-1,1383.0,2.0,70,31116,31114,1
0,527,in_out,member,pedalbike,1283,-1,0,31110,31110,70,0
0,528,out_in,member,ebike,-1,1288,0,70,70,31110,0
0,529,in_out,casual,ebike,1289,-1,0,31296,31296,70,0
0,530,out_in,member,ebike,-1,1291,0,70,70,31104,0
0,531,in_out,member,ebike,1291,-1,0,31104,31104,70,0
0,532,in_out,casual,ebike,1292,-1,0,31104,31104,70,0
0,533,in_out,casual,ebike,1296,-1,0,31114,31114,70,0
0,534,out_in,casual,ebike,-1,1300,0,70,70,31104,0
0,535,in_out,member,ebike,1303,-1,0,31110,31110,70,0
0,536,out_in,member,ebike,-1,1310,0,70,70,31110,0
0,537,in_out,member,ebike,1310,-1,0,31114,31114,70,0
0,538,in_out,member,ebike,1311,-1,0,31104,31104,70,0
0,539,out_in,casual,ebike,-1,1312,0,70,70,31104,0
0,540,out_in,member,ebike,-1,1453.0,14.0,70,31116,31114,1
0,541,in_out,member,pedalbike,1313,-1,0,31116,31116,70,0
0,542,in_out,member,ebike,1313,-1,0,31110,31110,70,0
0,543,in_system,member,pedalbike,1319,1323.0,4.0,31116,31116,31296,0
0,544,out_in,member,ebike,-1,1350.0,30.0,70,31296,31104,1
0,545,in_out,member,ebike,1327,-1,0,31110,31110,70,0
0,546,in_out,member,ebike,1328,-1,0,31110,31110,70,0
0,547,in_out,casual,ebike,1330,-1,0,31114,31114,70,0
0,548,in_out,member,pedalbike,1336,-1,0,31296,31296,70,2
0,549,in_out,member,ebike,1337,-1,0,31110,31110,70,0
0,550,out_in,member,ebike,-1,1463.0,30.0,70,31296,31104,1
0,551,out_in,member,ebike,-1,1343,0,70,70,31116,0
0,552,in_out,casual,ebike,1344,-1,0,31104,31104,70,0
0,553,out_in,casual,pedalbike,-1,1350,0,70,70,31116,0
0,554,in_out,member,pedalbike,1350,-1,0,31104,31104,70,0
0,555,in_out,member,ebike,1350,-1,0,31114,31114,70,0
0,556,out_in,member,ebike,-1,1351,0,70,70,31110,0
0,557,in_out,member,ebike,1353,-1,0,31104,31104,70,0
0,558,out_in,member,ebike,-1,1452.0,14.0,70,31116,31114,1
0,559,out_in,member,ebike,-1,1356,0,70,70,31104,0
0,560,in_out,member,ebike,1357,-1,0,31110,31110,70,0
0,561,in_out,member,ebike,1365,-1,0,31113,31113,70,0
0,562,out_in,casual,ebike,-1,1370,0,70,70,31110,0
0,563,out_in,member,ebike,-1,1445.0,14.0,70,31116,31114,1
0,564,out_in,member,ebike,-1,1468.0,30.0,70,31296,31104,1
0,565,in_out,member,ebike,1383,-1,0,31114,31114,70,0
0,566,in_system,member,ebike,1385,1441.0,14.0,31116,31116,31114,1
0,567,out_in,member,ebike,-1,1391,0,70,70,31110,0
0,568,out_in,member,ebike,-1,1400,0,70,70,31113,0
0,569,out_in,member,ebike,-1,1430.0,30.0,70,31296,31104,1
0,570,in_out,member,ebike,1402,-1,0,31113,31113,70,0
0,571,out_in,casual,ebike,-1,1411,0,70,70,31116,0
0,572,out_in,casual,pedalbike,-1,1416,0,70,70,31296,0
0,573,in_out,member,ebike,1422,-1,0,31104,31104,70,0
0,574,out_in,casual,ebike,-1,1461.0,30.0,70,31296,31104,1
0,575,in_out,member,ebike,1431,-1,0,31110,31110,70,0
0,576,out_in,casual,ebike,-1,1449.0,14.0,70,31116,31114,1
1,1,in_out,member,ebike,104,-1,0,31113,31113,70,0
1,2,in_out,member,ebike,122,-1,0,31104,31104,70,0
1,3,in_out,member,pedalbike,139,-1,0,31296,31296,70,0
1,4,in_out,member,pedalbike,140,-1,0,31113,31113,70,0
1,5,out_in,member,ebike,-1,146,0,70,70,31104,0
1,6,out_in,casual,ebike,-1,178,0,70,70,31296,0
1,7,in_out,member,ebike,222,-1,0,31116,31116,70,0
1,8,in_out,casual,ebike,229,-1,0,31104,31104,70,0
1,9,out_in,member,ebike,-1,231,0,70,70,31110,0
1,10,out_in,member,ebike,-1,237,0,70,70,31104,0
1,11,out_in,member,ebike,-1,254,0,70,70,31116,0
1,12,out_in,member,ebike,-1,267,0,70,70,31104,0
1,13,out_in,member,ebike,-1,273,0,70,70,31110,0
1,14,out_in,member,ebike,-1,279,0,70,70,31110,0
1,15,in_out,member,ebike,320,-1,0,31116,31116,70,0
1,16,in_out,member,ebike,321,-1,0,31113,31113,70,0
1,17,out_in,casual,ebike,-1,322,0,70,70,31114,0
1,18,in_out,casual,ebike,325,-1,0,31113,31113,70,0
1,19,out_in,member,ebike,-1,337,0,70,70,31110,0
1,20,in_out,member,ebike,338,-1,0,31296,31296,70,0
1,21,in_out,casual,ebike,340,-1,0,31104,31104,70,0
1,22,in_out,member,ebike,341,-1,0,31296,31296,70,0
1,23,in_out,member,ebike,349,-1,0,31113,31113,70,0
1,24,out_in,casual,ebike,-1,358,0,70,70,31114,0
1,25,in_out,casual,ebike,359,-1,0,31113,31113,70,0
1,26,in_out,casual,ebike,365,-1,0,31296,31296,70,0
1,27,in_out,member,ebike,373,-1,0,31110,31110,70,0
1,28,in_out,member,ebike,375,-1,0,31114,31114,70,0
1,29,in_out,member,ebike,378,-1,0,31110,31110,70,0
1,30,out_in,member,pedalbike,-1,380,0,70,70,31113,0
1,31,out_in,member,ebike,-1,386,0,70,70,31296,0
1,32,out_in,member,pedalbike,-1,387,0,70,70,31110,0
1,33,in_out,member,ebike,389,-1,0,31104,31104,70,0
1,34,in_out,member,ebike,393,-1,0,31116,31116,70,0
1,35,in_out,member,pedalbike,394,-1,0,31116,31116,70,2
1,36,in_out,member,pedalbike,394,-1,0,31296,31296,70,0
1,37,out_in,member,ebike,-1,396,0,70,70,31114,0
1,38,in_out,member,ebike,396,-1,0,31110,31110,70,0
1,39,in_out,casual,ebike,397,-1,0,31110,31110,70,0
1,40,in_out,casual,ebike,403,-1,0,31110,31110,70,0
1,41,in_out,casual,ebike,404,-1,0,31110,31110,70,0
1,42,in_out,member,pedalbike,410,-1,0,31116,31116,70,2
1,43,in_out,casual,pedalbike,411,-1,0,31113,31113,70,2
1,44,in_out,casual,ebike,417,-1,0,31114,31114,70,0
1,45,in_out,member,ebike,420,-1,0,31296,31296,70,0
1,46,out_in,member,ebike,-1,423,0,70,70,31113,0
1,47,in_out,member,ebike,425,-1,0,31114,31114,70,0
1,48,in_out,member,pedalbike,425,-1,0,31116,31116,70,2
1,49,in_out,member,ebike,425,-1,0,31114,31114,70,0
1,50,in_out,member,ebike,427,-1,0,31114,31114,70,0
1,51,in_out,member,pedalbike,428,-1,0,31116,31116,70,2
1,52,in_out,member,pedalbike,428,-1,0,31114,31114,70,2
1,53,in_out,member,pedalbike,429,-1,0,31296,31296,70,2
1,54,in_out,casual,pedalbike,429,-1,0,31116,31116,70,2
1,55,in_out,member,pedalbike,430,-1,0,31110,31110,70,0
1,56,in_out,member,pedalbike,435,-1,0,31114,31114,70,0
1,57,in_out,member,ebike,436,-1,0,31113,31113,70,0
1,58,in_out,member,pedalbike,438,-1,0,31116,31116,70,2
1,59,in_out,casual,pedalbike,438,-1,0,31296,31296,70,2
1,60,in_out,member,pedalbike,439,-1,0,31110,31110,70,2
1,61,in_out,member,pedalbike,439,-1,0,31113,31113,70,0
1,62,out_in,member,pedalbike,-1,444,0,70,70,31116,0
1,63,in_out,member,pedalbike,444,-1,0,31110,31110,70,2
1,64,in_out,casual,pedalbike,444,-1,0,31116,31116,70,2
1,65,in_system,member,pedalbike,445,448.0,3.0,31296,31296,31116,0
1,66,in_out,member,pedalbike,448,-1,0,31296,31296,70,2
1,67,in_out,member,pedalbike,449,-1,0,31114,31114,70,2
1,68,out_in,casual,ebike,-1,450,0,70,70,31110,0
1,69,in_out,member,pedalbike,450,-1,0,31114,31114,70,2
1,70,in_out,member,pedalbike,451,-1,0,31114,31114,70,2
1,71,in_out,casual,ebike,451,-1,0,31110,31110,70,0
1,72,in_out,member,pedalbike,454,-1,0,31114,31114,70,0
1,73,in_out,member,ebike,454,-1,0,31104,31104,70,0
1,74,out_in,member,ebike,-1,457,0,70,70,31114,0
1,75,in_out,member,pedalbike,459,-1,0,31110,31110,70,2
1,76,in_out,member,pedalbike,461,-1,0,31296,31296,70,2
1,77,in_out,casual,ebike,461,-1,0,31114,31114,70,0
1,78,out_in,member,ebike,-1,462,0,70,70,31116,0
1,79,in_out,member,pedalbike,463,-1,0,31114,31114,70,2
1,80,out_in,casual,ebike,-1,465,0,70,70,31116,0
1,81,in_out,casual,pedalbike,465,-1,0,31114,31114,70,0
1,82,out_in,member,ebike,-1,467,0,70,70,31110,0
1,83,in_out,member,pedalbike,469,-1,0,31296,31296,70,2
1,84,in_out,member,pedalbike,471,-1,0,31113,31113,70,2
1,85,in_out,member,ebike,472,-1,0,31110,31110,70,0
1,86,in_out,member,pedalbike,475,-1,0,31104,31104,70,2
1,87,out_in,member,ebike,-1,479,0,70,70,31104,0
1,88,in_out,casual,ebike,485,-1,0,31104,31104,70,0
1,89,in_out,member,ebike,486,-1,0,31116,31116,70,0
1,90,in_out,casual,pedalbike,486,-1,0,31114,31114,70,0
1,91,in_out,casual,pedalbike,486,-1,0,31110,31110,70,0
1,92,out_in,member,ebike,-1,488,0,70,70,31114,0
1,93,in_out,member,ebike,489,-1,0,31114,31114,70,0
1,94,out_in,member,ebike,-1,492,0,70,70,31110,0
1,95,out_in,member,pedalbike,-1,493,0,70,70,31110,0
1,96,in_out,casual,pedalbike,494,-1,0,31296,31296,70,2
1,97,in_out,member,pedalbike,495,-1,0,31296,31296,70,0
1,98,in_out,casual,pedalbike,495,-1,0,31113,31113,70,2
1,99,out_in,member,pedalbike,-1,497,0,70,70,31110,0
1,100,out_in,member,ebike,-1,498,0,70,70,31104,0
1,101,in_out,member,pedalbike,498,-1,0,31113,31113,70,2
1,102,in_out,member,ebike,500,-1,0,31116,31116,70,0
1,103,in_out,casual,ebike,501,-1,0,31110,31110,70,0
1,104,in_out,casual,pedalbike,502,-1,0,31296,31296,70,2
1,105,in_out,member,ebike,503,-1,0,31104,31104,70,0
1,106,in_out,member,pedalbike,509,-1,0,31110,31110,70,2
1,107,out_in,casual,pedalbike,-1,512,0,70,70,31104,0
1,108,in_out,casual,pedalbike,512,-1,0,31114,31114,70,0
1,109,out_in,member,ebike,-1,513,0,70,70,31110,0
1,110,in_out,casual,pedalbike,517,-1,0,31104,31104,70,2
1,111,in_out,member,pedalbike,518,-1,0,31113,31113,70,2
1,112,in_out,casual,pedalbike,519,-1,0,31104,31104,70,0
1,113,in_out,casual,pedalbike,519,-1,0,31104,31104,70,0
1,114,out_in,casual,pedalbike,-1,521,0,70,70,31116,0
1,115,in_out,casual,pedalbike,522,-1,0,31116,31116,70,0
1,116,in_out,member,pedalbike,523,-1,0,31104,31104,70,2
1,117,out_in,casual,ebike,-1,529,0,70,70,31116,0
1,118,in_out,member,pedalbike,532,-1,0,31114,31114,70,2
1,119,in_out,casual,pedalbike,534,-1,0,31110,31110,70,0
1,120,in_out,member,pedalbike,536,-1,0,31114,31114,70,2
1,121,in_out,member,pedalbike,537,-1,0,31104,31104,70,2
1,122,in_out,member,pedalbike,537,-1,0,31113,31113,70,2
1,123,in_out,member,pedalbike,537,-1,0,31104,31104,70,2
1,124,in_out,casual,ebike,538,-1,0,31116,31116,70,0
1,125,out_in,member,ebike,-1,539,0,70,70,31110,0
1,126,in_out,member,ebike,539,-1,0,31110,31110,70,0
1,127,out_in,member,ebike,-1,540,0,70,70,31104,0
1,128,in_out,member,pedalbike,540,-1,0,31116,31116,70,2
1,129,out_in,casual,pedalbike,-1,543,0,70,70,31114,0
1,130,out_in,member,ebike,-1,548,0,70,70,31110,0
1,131,in_out,casual,ebike,551,-1,0,31110,31110,70,0
1,132,in_out,member,ebike,556,-1,0,31104,31104,70,0
1,133,in_out,member,pedalbike,560,-1,0,31113,31113,70,2
1,134,out_in,member,pedalbike,-1,561,0,70,70,31114,0
1,135,in_out,casual,pedalbike,561,-1,0,31116,31116,70,2
1,136,in_out,member,ebike,567,-1,0,31110,31110,70,0
1,137,in_out,member,pedalbike,574,-1,0,31104,31104,70,2
1,138,out_in,casual,ebike,-1,585,0,70,70,31116,0
1,139,in_out,casual,pedalbike,588,-1,0,31113,31113,70,2
1,140,out_in,member,ebike,-1,590,0,70,70,31110,0
1,141,out_in,casual,ebike,-1,596,0,70,70,31114,0
1,142,in_out,member,ebike,602,-1,0,31110,31110,70,0
1,143,in_out,member,pedalbike,606,-1,0,31114,31114,70,0
1,144,out_in,member,ebike,-1,621,0,70,70,31116,0
1,145,out_in,member,ebike,-1,624,0,70,70,31116,0
1,146,out_in,member,ebike,-1,629,0,70,70,31110,0
1,147,out_in,casual,ebike,-1,640,0,70,70,31104,0
1,148,in_out,member,ebike,648,-1,0,31104,31104,70,0
1,149,out_in,member,pedalbike,-1,652,0,70,70,31110,0
1,150,in_out,member,ebike,654,-1,0,31110,31110,70,0
1,151,out_in,member,ebike,-1,656,0,70,70,31114,0
1,152,out_in,member,pedalbike,-1,658,0,70,70,31114,0
1,153,out_in,member,pedalbike,-1,659,0,70,70,31104,0
1,154,in_out,casual,ebike,659,-1,0,31114,31114,70,0
1,155,in_out,member,pedalbike,660,-1,0,31113,31113,70,2
1,156,out_in,member,ebike,-1,666,0,70,70,31104,0
1,157,out_in,member,ebike,-1,667,0,70,70,31296,0
1,158,out_in,casual,ebike,-1,667,0,70,70,31104,0
1,159,out_in,member,ebike,-1,671,0,70,70,31296,0
1,160,in_out,member,ebike,671,-1,0,31104,31104,70,0
1,161,in_out,member,ebike,672,-1,0,31114,31114,70,0
1,162,in_system,member,pedalbike,674,676.0,2.0,31114,31114,31110,2
1,163,in_out,member,pedalbike,679,-1,0,31114,31114,70,2
1,164,in_out,member,ebike,683,-1,0,31296,31296,70,0
1,165,out_in,member,ebike,-1,693,0,70,70,31114,0
1,166,in_out,casual,ebike,696,-1,0,31116,31116,70,0
1,167,in_out,member,ebike,699,-1,0,31296,31296,70,0
1,168,in_out,member,pedalbike,702,-1,0,31110,31110,70,0
1,169,out_in,casual,ebike,-1,704,0,70,70,31104,0
1,170,out_in,member,pedalbike,-1,711,0,70,70,31296,0
1,171,out_in,casual,ebike,-1,715,0,70,70,31114,0
1,172,out_in,casual,ebike,-1,722,0,70,70,31296,0
1,173,in_out,casual,pedalbike,722,-1,0,31110,31110,70,0
1,174,out_in,member,pedalbike,-1,726,0,70,70,31296,0
1,175,out_in,member,ebike,-1,726,0,70,70,31113,0
1,176,in_out,member,ebike,730,-1,0,31113,31113,70,0
1,177,in_out,casual,ebike,730,-1,0,31116,31116,70,0
1,178,in_out,casual,ebike,734,-1,0,31296,31296,70,0
1,179,in_out,member,ebike,735,-1,0,31114,31114,70,0
1,180,out_in,member,ebike,-1,736,0,70,70,31110,0
1,181,in_out,casual,ebike,736,-1,0,31114,31114,70,0
1,182,in_out,member,ebike,736,-1,0,31116,31116,70,0
1,183,out_in,member,ebike,-1,737,0,70,70,31116,0
1,184,in_out,member,ebike,740,-1,0,31116,31116,70,0
1,185,out_in,member,ebike,-1,741,0,70,70,31113,0
1,186,in_system,member,ebike,744,748.0,4.0,31110,31110,31104,0
1,187,in_out,member,pedalbike,748,-1,0,31114,31114,70,2
1,188,out_in,member,ebike,-1,751,0,70,70,31110,0
1,189,out_in,member,ebike,-1,752,0,70,70,31116,0
1,190,in_out,member,ebike,752,-1,0,31110,31110,70,0
1,191,out_in,member,ebike,-1,755,0,70,70,31116,0
1,192,in_out,member,ebike,757,-1,0,31116,31116,70,2
1,193,out_in,member,ebike,-1,762,0,70,70,31110,0
1,194,out_in,casual,ebike,-1,764,0,70,70,31110,0
1,195,out_in,casual,pedalbike,-1,766,0,70,70,31114,0
1,196,in_out,casual,ebike,768,-1,0,31110,31110,70,0
1,197,out_in,member,ebike,-1,778,0,70,70,31296,0
1,198,out_in,casual,ebike,-1,778,0,70,70,31104,0
1,199,out_in,casual,pedalbike,-1,781,0,70,70,31104,0
1,200,out_in,casual,ebike,-1,784,0,70,70,31116,0
1,201,out_in,member,ebike,-1,791,0,70,70,31113,0
1,202,in_out,member,ebike,802,-1,0,31110,31110,70,0
1,203,out_in,member,ebike,-1,804,0,70,70,31110,0
1,204,out_in,member,ebike,-1,804,0,70,70,31114,0
1,205,out_in,member,ebike,-1,805,0,70,70,31110,0
1,206,out_in,member,ebike,-1,808,0,70,70,31110,0
1,207,out_in,member,ebike,-1,820,0,70,70,31104,0
1,208,out_in,casual,pedalbike,-1,822,0,70,70,31114,0
1,209,out_in,casual,ebike,-1,825,0,70,70,31113,0
1,210,out_in,casual,ebike,-1,832,0,70,70,31296,0
1,211,in_out,member,ebike,834,-1,0,31114,31114,70,0
1,212,in_out,member,ebike,838,-1,0,31110,31110,70,0
1,213,out_in,member,pedalbike,-1,841,0,70,70,31104,0
1,214,in_out,member,ebike,841,-1,0,31113,31113,70,0
1,215,out_in,member,ebike,-1,845,0,70,70,31113,0
1,216,in_out,member,pedalbike,849,-1,0,31104,31104,70,0
1,217,in_out,casual,ebike,850,-1,0,31110,31110,70,0
1,218,out_in,member,ebike,-1,851,0,70,70,31114,0
1,219,in_out,casual,ebike,858,-1,0,31110,31110,70,2
1,220,out_in,member,ebike,-1,859,0,70,70,31296,0
1,221,out_in,member,ebike,-1,868,0,70,70,31110,0
1,222,out_in,member,ebike,-1,876,0,70,70,31114,0
1,223,out_in,member,pedalbike,-1,878,0,70,70,31116,0
1,224,in_out,member,ebike,885,-1,0,31296,31296,70,0
1,225,in_out,member,ebike,886,-1,0,31113,31113,70,0
1,226,out_in,member,ebike,-1,889,0,70,70,31116,0
1,227,in_out,member,ebike,897,-1,0,31116,31116,70,0
1,228,out_in,casual,pedalbike,-1,900,0,70,70,31114,0
1,229,in_out,member,ebike,900,-1,0,31116,31116,70,0
1,230,out_in,member,ebike,-1,902,0,70,70,31110,0
1,231,out_in,member,ebike,-1,904,0,70,70,31114,0
1,232,out_in,member,pedalbike,-1,905,0,70,70,31113,0
1,233,in_system,casual,ebike,913,917.0,4.0,31296,31296,31113,0
1,234,in_out,member,ebike,916,-1,0,31114,31114,70,0
1,235,out_in,member,pedalbike,-1,917,0,70,70,31110,0
1,236,in_out,member,ebike,917,-1,0,31296,31296,70,0
1,237,in_out,casual,ebike,918,-1,0,31114,31114,70,0
1,238,out_in,member,ebike,-1,922,0,70,70,31116,0
1,239,in_out,member,ebike,927,-1,0,31116,31116,70,0
1,240,in_system,casual,ebike,928,957.0,29.0,31114,31114,31104,0
1,241,out_in,member,ebike,-1,928,0,70,70,31110,0
1,242,out_in,member,ebike,-1,928,0,70,70,31116,0
1,243,in_out,casual,ebike,929,-1,0,31113,31113,70,0
1,244,out_in,casual,ebike,-1,934,0,70,70,31104,0
1,245,out_in,member,pedalbike,-1,937,0,70,70,31104,0
1,246,in_out,member,ebike,938,-1,0,31104,31104,70,0
1,247,out_in,casual,ebike,-1,940,0,70,70,31104,0
1,248,in_out,casual,ebike,945,-1,0,31113,31113,70,0
1,249,out_in,member,ebike,-1,946,0,70,70,31110,0
1,250,out_in,member,ebike,-1,949,0,70,70,31296,0
1,251,in_out,member,pedalbike,954,-1,0,31114,31114,70,2
1,252,out_in,member,ebike,-1,956,0,70,70,31104,0
1,253,out_in,member,pedalbike,-1,956,0,70,70,31104,0
1,254,out_in,member,ebike,-1,957,0,70,70,31110,0
1,255,out_in,member,ebike,-1,961,0,70,70,31116,0
1,256,in_out,member,pedalbike,963,-1,0,31116,31116,70,0
1,257,out_in,casual,ebike,-1,964,0,70,70,31113,0
1,258,out_in,casual,ebike,-1,965,0,70,70,31110,0
1,259,out_in,casual,ebike,-1,966,0,70,70,31104,0
1,260,out_in,casual,ebike,-1,967,0,70,70,31116,0
1,261,out_in,member,ebike,-1,967,0,70,70,31116,0
1,262,out_in,casual,ebike,-1,967,0,70,70,31296,0
1,263,out_in,member,ebike,-1,968,0,70,70,31116,0
1,264,in_out,member,ebike,970,-1,0,31104,31104,70,0
1,265,out_in,member,ebike,-1,981,0,70,70,31110,0
1,266,out_in,casual,ebike,-1,981,0,70,70,31116,0
1,267,out_in,member,pedalbike,-1,982,0,70,70,31116,0
1,268,in_out,casual,pedalbike,984,-1,0,31114,31114,70,2
1,269,out_in,casual,ebike,-1,987,0,70,70,31104,0
1,270,in_out,member,ebike,989,-1,0,31104,31104,70,0
1,271,in_out,casual,ebike,989,-1,0,31116,31116,70,0
1,272,out_in,member,ebike,-1,991,0,70,70,31104,0
1,273,in_out,casual,ebike,992,-1,0,31116,31116,70,0
1,274,in_out,member,pedalbike,993,-1,0,31114,31114,70,2
1,275,out_in,casual,ebike,-1,994,0,70,70,31296,0
1,276,out_in,casual,ebike,-1,997,0,70,70,31104,0
1,277,out_in,member,ebike,-1,998,0,70,70,31114,0
1,278,out_in,member,ebike,-1,999,0,70,70,31110,0
1,279,out_in,casual,ebike,-1,1005,0,70,70,31104,0
1,280,out_in,member,ebike,-1,1006,0,70,70,31296,0
1,281,out_in,member,ebike,-1,1007,0,70,70,31296,0
1,282,out_in,casual,ebike,-1,1127.0,30.0,70,31296,31104,1
1,283,out_in,casual,ebike,-1,1008,0,70,70,31116,0
1,284,out_in,casual,ebike,-1,1278.0,30.0,70,31296,31104,1
1,285,in_out,member,ebike,1009,-1,0,31110,31110,70,0
1,286,out_in,member,ebike,-1,1010,0,70,70,31296,0
1,287,in_out,member,ebike,1010,-1,0,31114,31114,70,0
1,288,out_in,casual,ebike,-1,1011,0,70,70,31116,0
1,289,out_in,member,ebike,-1,1015,0,70,70,31296,0
1,290,out_in,casual,ebike,-1,1015,0,70,70,31110,0
1,291,in_out,member,pedalbike,1016,-1,0,31114,31114,70,2
1,292,out_in,member,ebike,-1,1021,0,70,70,31110,0
1,293,out_in,member,ebike,-1,1022,0,70,70,31104,0
1,294,in_out,casual,ebike,1022,-1,0,31116,31116,70,0
1,295,in_out,member,ebike,1022,-1,0,31104,31104,70,0
1,296,out_in,casual,ebike,-1,1023,0,70,70,31110,0
1,297,out_in,member,ebike,-1,1023,0,70,70,31114,0
1,298,in_out,casual,ebike,1023,-1,0,31296,31296,70,0
1,299,out_in,member,ebike,-1,1025,0,70,70,31110,0
1,300,out_in,casual,ebike,-1,1026,0,70,70,31110,0
1,301,out_in,member,ebike,-1,1056.0,30.0,70,31296,31104,1
1,302,in_out,member,pedalbike,1026,-1,0,31113,31113,70,0
1,303,out_in,casual,ebike,-1,1028,0,70,70,31296,0
1,304,in_out,casual,ebike,1028,-1,0,31113,31113,70,0
1,305,out_in,casual,ebike,-1,1031,0,70,70,31116,0
1,306,out_in,casual,ebike,-1,1092.0,30.0,70,31296,31104,1
1,307,in_out,member,ebike,1032,-1,0,31110,31110,70,0
1,308,out_in,casual,ebike,-1,1033,0,70,70,31114,0
1,309,out_in,member,ebike,-1,1034,0,70,70,31110,0
1,310,out_in,member,pedalbike,-1,1035,0,70,70,31116,0
1,311,in_out,member,pedalbike,1035,-1,0,31296,31296,70,0
1,312,out_in,member,ebike,-1,1039,0,70,70,31113,0
1,313,out_in,member,pedalbike,-1,1039,0,70,70,31114,0
1,314,in_out,member,ebike,1040,-1,0,31113,31113,70,0
1,315,out_in,member,ebike,-1,1041,0,70,70,31110,0
1,316,out_in,member,ebike,-1,1043,0,70,70,31110,0
1,317,out_in,member,ebike,-1,1043,0,70,70,31113,0
1,318,out_in,casual,ebike,-1,1043,0,70,70,31114,0
1,319,in_out,member,ebike,1043,-1,0,31296,31296,70,0
1,320,in_out,member,ebike,1043,-1,0,31104,31104,70,0
1,321,in_out,member,ebike,1043,-1,0,31104,31104,70,0
1,322,out_in,casual,ebike,-1,1044,0,70,70,31104,0
1,323,in_out,member,ebike,1044,-1,0,31113,31113,70,0
1,324,in_out,member,ebike,1044,-1,0,31110,31110,70,0
1,325,in_out,member,ebike,1044,-1,0,31104,31104,70,0
1,326,in_out,member,ebike,1046,-1,0,31113,31113,70,0
1,327,in_out,member,ebike,1046,-1,0,31116,31116,70,0
1,328,out_in,member,ebike,-1,1048,0,70,70,31296,0
1,329,out_in,member,ebike,-1,1049,0,70,70,31110,0
1,330,in_out,casual,ebike,1049,-1,0,31110,31110,70,0
1,331,out_in,member,ebike,-1,1051,0,70,70,31113,0
1,332,out_in,member,pedalbike,-1,1053,0,70,70,31296,0
1,333,out_in,member,ebike,-1,1055,0,70,70,31110,0
1,334,in_out,member,ebike,1056,-1,0,31296,31296,70,0
1,335,in_out,member,pedalbike,1057,-1,0,31110,31110,70,0
1,336,out_in,casual,ebike,-1,1058,0,70,70,31116,0
1,337,out_in,casual,ebike,-1,1059,0,70,70,31114,0
1,338,out_in,member,ebike,-1,1059,0,70,70,31114,0
1,339,in_out,member,ebike,1059,-1,0,31110,31110,70,0
1,340,in_out,member,ebike,1060,-1,0,31114,31114,70,0
1,341,out_in,member,ebike,-1,1061,0,70,70,31116,0
1,342,out_in,member,ebike,-1,1061,0,70,70,31104,0
1,343,out_in,casual,ebike,-1,1092.0,30.0,70,31296,31104,1
1,344,out_in,member,ebike,-1,1063,0,70,70,31296,0
1,345,out_in,member,ebike,-1,1063,0,70,70,31296,0
1,346,out_in,member,ebike,-1,1065,0,70,70,31110,0
1,347,out_in,casual,ebike,-1,1066,0,70,70,31116,0
1,348,out_in,casual,ebike,-1,1066,0,70,70,31110,0
1,349,in_out,member,ebike,1067,-1,0,31296,31296,70,0
1,350,in_out,member,ebike,1068,-1,0,31113,31113,70,0
1,351,in_out,member,ebike,1068,-1,0,31114,31114,70,0
1,352,out_in,casual,ebike,-1,1069,0,70,70,31116,0
1,353,in_out,member,ebike,1069,-1,0,31104,31104,70,0
1,354,in_out,member,pedalbike,1069,-1,0,31114,31114,70,0
1,355,out_in,casual,ebike,-1,1084.0,14.0,70,31116,31114,1
1,356,in_out,casual,pedalbike,1070,-1,0,31116,31116,70,0
1,357,out_in,member,pedalbike,-1,1071,0,70,70,31113,0
1,358,out_in,member,ebike,-1,1073,0,70,70,31113,0
1,359,out_in,member,ebike,-1,1073,0,70,70,31296,0
1,360,in_out,casual,ebike,1073,-1,0,31104,31104,70,0
1,361,out_in,casual,ebike,-1,1074,0,70,70,31114,0
1,362,out_in,member,ebike,-1,1074,0,70,70,31114,0
1,363,in_out,casual,ebike,1075,-1,0,31104,31104,70,0
1,364,in_out,member,ebike,1075,-1,0,31110,31110,70,0
1,365,out_in,casual,ebike,-1,1076,0,70,70,31104,0
1,366,in_out,casual,ebike,1076,-1,0,31116,31116,70,0
1,367,in_out,casual,ebike,1076,-1,0,31104,31104,70,0
1,368,out_in,member,ebike,-1,1077,0,70,70,31110,0
1,369,in_out,member,pedalbike,1079,-1,0,31116,31116,70,0
1,370,in_out,member,ebike,1079,-1,0,31116,31116,70,0
1,371,in_out,member,ebike,1080,-1,0,31104,31104,70,0
1,372,in_out,member,ebike,1080,-1,0,31114,31114,70,0
1,373,in_out,member,ebike,1081,-1,0,31116,31116,70,2
1,374,in_out,member,ebike,1083,-1,0,31116,31116,70,0
1,375,in_out,member,ebike,1084,-1,0,31114,31114,70,2
1,376,out_in,member,ebike,-1,1099.0,14.0,70,31116,31114,1
1,377,out_in,member,ebike,-1,1087,0,70,70,31114,0
1,378,out_in,casual,ebike,-1,1088,0,70,70,31116,0
1,379,out_in,member,ebike,-1,1089,0,70,70,31113,0
1,380,out_in,casual,ebike,-1,1103.0,14.0,70,31116,31114,1
1,381,out_in,member,pedalbike,-1,1090,0,70,70,31113,0
1,382,out_in,casual,ebike,-1,1091,0,70,70,31104,0
1,383,out_in,member,ebike,-1,1105.0,14.0,70,31116,31114,1
1,384,out_in,casual,ebike,-1,1092,0,70,70,31104,0
1,385,in_out,member,ebike,1092,-1,0,31110,31110,70,0
1,386,in_out,member,ebike,1093,-1,0,31110,31110,70,0
1,387,out_in,casual,ebike,-1,1095,0,70,70,31114,0
1,388,out_in,member,ebike,-1,1096,0,70,70,31296,0
1,389,out_in,member,ebike,-1,1096,0,70,70,31110,0
1,390,in_out,member,ebike,1098,-1,0,31113,31113,70,0
1,391,out_in,member,ebike,-1,1099,0,70,70,31110,0
1,392,out_in,member,pedalbike,-1,1101.0,2.0,70,31116,31114,1
1,393,out_in,member,ebike,-1,1460.0,30.0,70,31296,31104,1
1,394,in_out,casual,ebike,1101,-1,0,31296,31296,70,0
1,395,in_system,member,ebike,1102,1120.0,18.0,31114,31114,31114,0
1,396,out_in,casual,pedalbike,-1,1102,0,70,70,31116,0
1,397,in_out,member,ebike,1102,-1,0,31116,31116,70,0
1,398,out_in,member,ebike,-1,1103,0,70,70,31113,0
1,399,out_in,casual,ebike,-1,1117.0,14.0,70,31116,31114,1
1,400,out_in,member,ebike,-1,1103,0,70,70,31114,0
1,401,out_in,member,ebike,-1,1104,0,70,70,31116,0
1,402,in_out,casual,ebike,1104,-1,0,31113,31113,70,0
1,403,out_in,casual,ebike,-1,1136.0,30.0,70,31296,31104,1
1,404,in_out,casual,ebike,1106,-1,0,31114,31114,70,0
1,405,out_in,member,ebike,-1,1107,0,70,70,31296,0
1,406,in_out,member,ebike,1107,-1,0,31104,31104,70,0
1,407,in_out,member,ebike,1109,-1,0,31114,31114,70,0
1,408,out_in,member,ebike,-1,1111,0,70,70,31113,0
1,409,in_out,member,ebike,1111,-1,0,31104,31104,70,0
1,410,out_in,member,ebike,-1,1112,0,70,70,31116,0
1,411,in_out,member,ebike,1112,-1,0,31104,31104,70,0
1,412,out_in,casual,ebike,-1,1114,0,70,70,31116,0
1,413,out_in,casual,ebike,-1,1114,0,70,70,31296,0
1,414,out_in,casual,ebike,-1,1115,0,70,70,31116,0
1,415,in_out,casual,ebike,1115,-1,0,31114,31114,70,0
1,416,out_in,casual,ebike,-1,1117,0,70,70,31114,0
1,417,out_in,member,ebike,-1,1119,0,70,70,31104,0
1,418,out_in,member,ebike,-1,1119,0,70,70,31104,0
1,419,in_out,member,ebike,1119,-1,0,31110,31110,70,0
1,420,out_in,member,ebike,-1,1121,0,70,70,31113,0
1,421,in_out,member,ebike,1121,-1,0,31104,31104,70,0
1,422,in_out,member,ebike,1122,-1,0,31114,31114,70,0
1,423,in_system,member,pedalbike,1123,1126.0,3.0,31113,31113,31104,0
1,424,out_in,member,ebike,-1,1123,0,70,70,31296,0
1,425,out_in,casual,ebike,-1,1308.0,30.0,70,31296,31104,1
1,426,out_in,member,ebike,-1,1128,0,70,70,31116,0
1,427,in_out,member,ebike,1130,-1,0,31114,31114,70,0
1,428,out_in,member,ebike,-1,1132,0,70,70,31110,0
1,429,in_out,member,pedalbike,1136,-1,0,31104,31104,70,0
1,430,out_in,member,ebike,-1,1151.0,14.0,70,31116,31114,1
1,431,out_in,member,ebike,-1,1137,0,70,70,31116,0
1,432,out_in,member,ebike,-1,1137,0,70,70,31116,0
1,433,out_in,member,ebike,-1,1152.0,14.0,70,31116,31114,1
1,434,out_in,member,ebike,-1,1152.0,14.0,70,31116,31114,1
1,435,in_system,member,ebike,1141,1146.0,5.0,31296,31296,31114,0
1,436,out_in,member,ebike,-1,1142,0,70,70,31113,0
1,437,in_out,member,ebike,1142,-1,0,31114,31114,70,0
1,438,in_out,member,ebike,1142,-1,0,31110,31110,70,0
1,439,out_in,member,ebike,-1,1143,0,70,70,31110,0
1,440,out_in,member,ebike,-1,1144,0,70,70,31113,0
1,441,out_in,member,ebike,-1,1144,0,70,70,31116,0
1,442,out_in,member,ebike,-1,1145,0,70,70,31114,0
1,443,out_in,casual,ebike,-1,1147,0,70,70,31116,0
1,444,in_out,member,pedalbike,1148,-1,0,31116,31116,70,0
1,445,in_out,member,ebike,1149,-1,0,31110,31110,70,0
1,446,in_out,casual,ebike,1149,-1,0,31114,31114,70,0
1,447,out_in,member,ebike,-1,1150,0,70,70,31114,0
1,448,in_system,member,ebike,1151,1177.0,26.0,31113,31113,31110,0
1,449,out_in,member,pedalbike,-1,1197.0,2.0,70,31296,31104,1
1,450,out_in,casual,ebike,-1,1154,0,70,70,31116,0
1,451,out_in,member,pedalbike,-1,1155,0,70,70,31114,0
1,452,out_in,member,ebike,-1,1155,0,70,70,31110,0
1,453,in_out,member,ebike,1156,-1,0,31114,31114,70,0
1,454,in_out,casual,pedalbike,1156,-1,0,31114,31114,70,0
1,455,in_out,member,ebike,1157,-1,0,31114,31114,70,0
1,456,out_in,member,ebike,-1,1163,0,70,70,31116,0
1,457,in_out,member,ebike,1163,-1,0,31110,31110,70,0
1,458,in_out,member,ebike,1165,-1,0,31110,31110,70,0
1,459,in_system,member,ebike,1166,1170.0,4.0,31296,31296,31113,0
1,460,in_out,casual,pedalbike,1166,-1,0,31113,31113,70,0
1,461,out_in,member,ebike,-1,1168,0,70,70,31114,0
1,462,in_out,casual,ebike,1170,-1,0,31114,31114,70,0
1,463,in_system,member,ebike,1171,1201.0,30.0,31114,31114,31296,0
1,464,in_out,member,ebike,1173,-1,0,31296,31296,70,0
1,465,out_in,member,ebike,-1,1178,0,70,70,31116,0
1,466,out_in,casual,ebike,-1,1179,0,70,70,31113,0
1,467,out_in,casual,ebike,-1,1180,0,70,70,31296,0
1,468,in_out,member,ebike,1182,-1,0,31296,31296,70,0
1,469,in_out,member,ebike,1185,-1,0,31114,31114,70,0
1,470,out_in,member,ebike,-1,1186,0,70,70,31104,0
1,471,in_out,casual,ebike,1186,-1,0,31104,31104,70,0
1,472,out_in,casual,ebike,-1,1188,0,70,70,31110,0
1,473,out_in,casual,ebike,-1,1458.0,30.0,70,31296,31104,1
1,474,out_in,casual,ebike,-1,1189,0,70,70,31116,0
1,475,out_in,member,ebike,-1,1191,0,70,70,31114,0
1,476,in_out,casual,ebike,1191,-1,0,31116,31116,70,2
1,477,in_out,casual,ebike,1192,-1,0,31114,31114,70,0
1,478,in_system,casual,pedalbike,1194,1197.0,3.0,31114,31114,31114,0
1,479,out_in,casual,pedalbike,-1,1198.0,2.0,70,31116,31114,1
1,480,in_out,member,pedalbike,1196,-1,0,31104,31104,70,0
1,481,in_out,casual,ebike,1197,-1,0,31110,31110,70,2
1,482,out_in,member,pedalbike,-1,1208.0,2.0,70,31296,31104,1
1,483,out_in,member,ebike,-1,1198,0,70,70,31110,0
1,484,out_in,member,ebike,-1,1199,0,70,70,31114,0
1,485,out_in,member,ebike,-1,1199,0,70,70,31110,0
1,486,in_out,member,ebike,1199,-1,0,31110,31110,70,0
1,487,in_out,member,ebike,1202,-1,0,31114,31114,70,0
1,488,in_out,member,ebike,1204,-1,0,31110,31110,70,0
1,489,out_in,member,ebike,-1,1205,0,70,70,31116,0
1,490,in_out,member,ebike,1207,-1,0,31113,31113,70,0
1,491,out_in,member,ebike,-1,1208,0,70,70,31110,0
1,492,in_out,casual,ebike,1208,-1,0,31104,31104,70,0
1,493,out_in,member,pedalbike,-1,1211.0,2.0,70,31116,31114,1
1,494,out_in,member,ebike,-1,1213,0,70,70,31104,0
1,495,in_out,member,ebike,1213,-1,0,31104,31104,70,0
1,496,out_in,member,pedalbike,-1,1217.0,2.0,70,31116,31114,1
1,497,out_in,member,ebike,-1,1215,0,70,70,31113,0
1,498,out_in,member,ebike,-1,1230.0,14.0,70,31116,31114,1
1,499,out_in,member,ebike,-1,1244.0,14.0,70,31116,31114,1
1,500,in_out,member,ebike,1217,-1,0,31114,31114,70,0
1,501,in_out,member,ebike,1217,-1,0,31296,31296,70,0
1,502,in_out,member,ebike,1220,-1,0,31110,31110,70,0
1,503,out_in,member,ebike,-1,1461.0,30.0,70,31296,31104,1
1,504,in_out,casual,ebike,1221,-1,0,31110,31110,70,0
1,505,in_out,member,ebike,1221,-1,0,31110,31110,70,0
1,506,in_out,member,ebike,1223,-1,0,31296,31296,70,0
1,507,out_in,member,ebike,-1,1224,0,70,70,31110,0
1,508,out_in,member,ebike,-1,1224,0,70,70,31110,0
1,509,in_out,casual,ebike,1225,-1,0,31116,31116,70,0
1,510,out_in,casual,ebike,-1,1226,0,70,70,31116,0
1,511,in_out,casual,ebike,1226,-1,0,31113,31113,70,0
1,512,in_out,casual,ebike,1226,-1,0,31104,31104,70,0
1,513,in_out,member,ebike,1228,-1,0,31114,31114,70,0
1,514,out_in,casual,pedalbike,-1,1230,0,70,70,31296,0
1,515,out_in,member,ebike,-1,1259.0,14.0,70,31116,31114,1
1,516,out_in,member,pedalbike,-1,1233,0,70,70,31110,0
1,517,in_out,member,ebike,1233,-1,0,31110,31110,70,0
1,518,in_out,member,ebike,1233,-1,0,31110,31110,70,2
1,519,out_in,casual,pedalbike,-1,1234,0,70,70,31104,0
1,520,out_in,member,ebike,-1,1234,0,70,70,31113,0
1,521,out_in,member,ebike,-1,1236,0,70,70,31113,0
1,522,in_out,member,ebike,1240,-1,0,31114,31114,70,0
1,523,out_in,member,ebike,-1,1241,0,70,70,31110,0
1,524,out_in,member,ebike,-1,1242,0,70,70,31110,0
1,525,out_in,casual,ebike,-1,1276.0,30.0,70,31296,31104,1
1,526,out_in,casual,ebike,-1,1334.0,14.0,70,31116,31114,1
1,527,in_out,member,ebike,1250,-1,0,31114,31114,70,0
1,528,in_out,member,ebike,1251,-1,0,31110,31110,70,0
1,529,in_out,member,ebike,1253,-1,0,31110,31110,70,0
1,530,in_out,member,ebike,1255,-1,0,31113,31113,70,2
1,531,in_out,member,ebike,1258,-1,0,31114,31114,70,0
1,532,out_in,member,ebike,-1,1277.0,14.0,70,31116,31114,1
1,533,in_out,casual,ebike,1263,-1,0,31104,31104,70,0
1,534,out_in,member,ebike,-1,1265,0,70,70,31296,0
1,535,in_out,member,ebike,1265,-1,0,31104,31104,70,0
1,536,out_in,member,ebike,-1,1449.0,14.0,70,31116,31114,1
1,537,in_out,casual,ebike,1271,-1,0,31104,31104,70,0
1,538,out_in,member,ebike,-1,1273,0,70,70,31110,0
1,539,out_in,member,ebike,-1,1276,0,70,70,31104,0
1,540,in_out,member,ebike,1276,-1,0,31114,31114,70,0
1,541,out_in,casual,ebike,-1,1432.0,14.0,70,31116,31114,1
1,542,out_in,casual,ebike,-1,1447.0,14.0,70,31116,31114,1
1,543,in_out,member,ebike,1281,-1,0,31296,31296,70,0
1,544,in_out,member,ebike,1284,-1,0,31113,31113,70,2
1,545,out_in,member,ebike,-1,1346.0,30.0,70,31296,31104,1
1,546,in_out,member,ebike,1286,-1,0,31296,31296,70,0
1,547,in_out,casual,ebike,1295,-1,0,31104,31104,70,0
1,548,in_out,member,ebike,1299,-1,0,31110,31110,70,0
1,549,out_in,member,pedalbike,-1,1300,0,70,70,31113,0
1,550,in_out,member,ebike,1300,-1,0,31116,31116,70,0
1,551,in_out,member,ebike,1301,-1,0,31110,31110,70,0
1,552,out_in,casual,ebike,-1,1306,0,70,70,31110,0
1,553,out_in,casual,ebike,-1,1309,0,70,70,31296,0
1,554,in_out,member,ebike,1313,-1,0,31113,31113,70,0
1,555,out_in,member,ebike,-1,1321,0,70,70,31113,0
1,556,out_in,member,ebike,-1,1328,0,70,70,31116,0
1,557,out_in,member,ebike,-1,1328,0,70,70,31110,0
1,558,in_out,casual,ebike,1328,-1,0,31114,31114,70,0
1,559,out_in,member,ebike,-1,1359.0,30.0,70,31296,31104,1
1,560,in_system,casual,ebike,1335,1337.0,2.0,31116,31116,31113,2
1,561,out_in,member,ebike,-1,1337,0,70,70,31116,0
1,562,out_in,member,ebike,-1,1450.0,14.0,70,31116,31114,1
1,563,in_out,member,ebike,1340,-1,0,31110,31110,70,0
1,564,in_out,member,ebike,1345,-1,0,31104,31104,70,0
1,565,out_in,casual,ebike,-1,1348,0,70,70,31296,0
1,566,in_out,member,pedalbike,1350,-1,0,31110,31110,70,0
1,567,in_out,casual,ebike,1351,-1,0,31116,31116,70,2
1,568,in_out,casual,pedalbike,1352,-1,0,31104,31104,70,0
1,569,out_in,casual,ebike,-1,1357,0,70,70,31113,0
1,570,out_in,casual,ebike,-1,1362,0,70,70,31110,0
1,571,out_in,member,ebike,-1,1448.0,14.0,70,31116,31114,1
1,572,in_out,casual,ebike,1366,-1,0,31116,31116,70,0
1,573,in_out,member,ebike,1367,-1,0,31296,31296,70,0
1,574,in_out,member,ebike,1367,-1,0,31116,31116,70,0
1,575,out_in,member,ebike,-1,1371,0,70,70,31296,0
1,576,out_in,member,ebike,-1,1382,0,70,70,31113,0
1,577,in_out,member,ebike,1383,-1,0,31113,31113,70,0
1,578,out_in,casual,pedalbike,-1,1385,0,70,70,31296,0
1,579,out_in,member,pedalbike,-1,1391,0,70,70,31113,0
1,580,out_in,member,pedalbike,-1,1394,0,70,70,31113,0
1,581,in_system,casual,ebike,1395,1421.0,26.0,31113,31113,31110,0
1,582,out_in,member,ebike,-1,1402,0,70,70,31296,0
1,583,in_out,member,ebike,1410,-1,0,31110,31110,70,0
1,584,out_in,member,ebike,-1,1422,0,70,70,31116,0
1,585,in_out,member,ebike,1431,-1,0,31114,31114,70,0
1,586,in_out,casual,ebike,1434,-1,0,31104,31104,70,0
1,587,in_out,member,pedalbike,1439,-1,0,31114,31114,70,0
2,1,out_in,member,ebike,-1,29,0,70,70,31114,0
2,2,out_in,member,ebike,-1,35,0,70,70,31114,0
2,3,out_in,casual,pedalbike,-1,80,0,70,70,31116,0
2,4,out_in,member,ebike,-1,81,0,70,70,31110,0
2,5,out_in,casual,ebike,-1,82,0,70,70,31104,0
2,6,out_in,casual,ebike,-1,83,0,70,70,31114,0
2,7,in_out,member,ebike,95,-1,0,31113,31113,70,0
2,8,out_in,member,ebike,-1,112,0,70,70,31114,0
2,9,in_out,member,ebike,123,-1,0,31104,31104,70,0
2,10,out_in,member,ebike,-1,138,0,70,70,31114,0
2,11,in_out,member,ebike,187,-1,0,31114,31114,70,0
2,12,out_in,member,ebike,-1,207,0,70,70,31114,0
2,13,in_out,member,ebike,214,-1,0,31296,31296,70,0
2,14,out_in,member,ebike,-1,263,0,70,70,31110,0
2,15,in_out,member,pedalbike,291,-1,0,31110,31110,70,0
2,16,out_in,member,ebike,-1,300,0,70,70,31104,0
2,17,out_in,casual,ebike,-1,318,0,70,70,31116,0
2,18,in_out,member,ebike,325,-1,0,31113,31113,70,0
2,19,in_out,member,ebike,338,-1,0,31296,31296,70,0
2,20,in_out,member,ebike,343,-1,0,31114,31114,70,0
2,21,in_out,casual,ebike,351,-1,0,31110,31110,70,0
2,22,in_out,casual,ebike,357,-1,0,31104,31104,70,0
2,23,in_out,member,ebike,365,-1,0,31116,31116,70,0
2,24,in_out,member,ebike,365,-1,0,31113,31113,70,0
2,25,in_out,member,ebike,366,-1,0,31104,31104,70,0
2,26,out_in,member,ebike,-1,370,0,70,70,31104,0
2,27,in_out,casual,ebike,370,-1,0,31113,31113,70,0
2,28,out_in,member,ebike,-1,372,0,70,70,31110,0
2,29,out_in,member,ebike,-1,374,0,70,70,31110,0
2,30,in_out,member,ebike,374,-1,0,31114,31114,70,0
2,31,in_system,casual,ebike,386,390.0,4.0,31110,31110,31116,0
2,32,in_system,member,ebike,388,394.0,6.0,31110,31110,31296,0
2,33,out_in,member,ebike,-1,392,0,70,70,31114,0
2,34,out_in,member,ebike,-1,393,0,70,70,31110,0
2,35,in_out,member,ebike,397,-1,0,31110,31110,70,0
2,36,in_out,member,ebike,397,-1,0,31104,31104,70,0
2,37,in_out,member,ebike,399,-1,0,31110,31110,70,0
2,38,in_out,member,ebike,401,-1,0,31114,31114,70,0
2,39,in_out,member,ebike,402,-1,0,31296,31296,70,0
2,40,out_in,member,pedalbike,-1,403,0,70,70,31110,0
2,41,in_out,casual,ebike,407,-1,0,31110,31110,70,0
2,42,in_system,member,ebike,409,413.0,4.0,31110,31110,31114,0
2,43,in_out,member,ebike,409,-1,0,31113,31113,70,0
2,44,out_in,casual,ebike,-1,412,0,70,70,31104,0
2,45,in_out,casual,ebike,412,-1,0,31116,31116,70,0
2,46,out_in,casual,ebike,-1,415,0,70,70,31110,0
2,47,in_out,casual,ebike,418,-1,0,31110,31110,70,0
2,48,in_out,member,ebike,419,-1,0,31104,31104,70,0
2,49,in_out,member,pedalbike,420,-1,0,31296,31296,70,2
2,50,in_out,member,pedalbike,421,-1,0,31114,31114,70,0
2,51,out_in,casual,ebike,-1,423,0,70,70,31296,0
2,52,in_out,member,ebike,423,-1,0,31104,31104,70,0
2,53,in_out,member,pedalbike,423,-1,0,31296,31296,70,2
2,54,in_out,member,pedalbike,425,-1,0,31104,31104,70,2
2,55,in_out,casual,pedalbike,425,-1,0,31104,31104,70,2
2,56,in_out,member,ebike,425,-1,0,31116,31116,70,0
2,57,out_in,member,ebike,-1,430,0,70,70,31110,0
2,58,out_in,casual,ebike,-1,431,0,70,70,31110,0
2,59,in_out,member,ebike,433,-1,0,31296,31296,70,0
2,60,in_out,member,pedalbike,437,-1,0,31296,31296,70,2
2,61,in_out,member,ebike,437,-1,0,31116,31116,70,0
2,62,in_out,member,pedalbike,437,-1,0,31296,31296,70,2
2,63,out_in,member,ebike,-1,438,0,70,70,31116,0
2,64,in_out,member,pedalbike,438,-1,0,31113,31113,70,2
2,65,in_out,member,ebike,440,-1,0,31110,31110,70,0
2,66,in_out,member,pedalbike,441,-1,0,31113,31113,70,2
2,67,out_in,casual,ebike,-1,444,0,70,70,31110,0
2,68,out_in,member,ebike,-1,444,0,70,70,31114,0
2,69,in_out,member,ebike,444,-1,0,31110,31110,70,0
2,70,in_out,casual,pedalbike,446,-1,0,31113,31113,70,0
2,71,in_out,casual,ebike,449,-1,0,31110,31110,70,0
2,72,out_in,casual,ebike,-1,451,0,70,70,31110,0
2,73,in_out,member,ebike,452,-1,0,31110,31110,70,0
2,74,in_out,member,ebike,454,-1,0,31116,31116,70,0
2,75,in_out,member,ebike,454,-1,0,31114,31114,70,0
2,76,in_out,member,pedalbike,455,-1,0,31110,31110,70,2
2,77,in_out,member,pedalbike,455,-1,0,31110,31110,70,2
2,78,in_out,member,pedalbike,456,-1,0,31110,31110,70,0
2,79,in_out,casual,ebike,457,-1,0,31114,31114,70,0
2,80,in_out,casual,pedalbike,458,-1,0,31110,31110,70,2
2,81,in_out,member,pedalbike,458,-1,0,31116,31116,70,2
2,82,out_in,member,pedalbike,-1,459,0,70,70,31104,0
2,83,in_out,casual,ebike,459,-1,0,31114,31114,70,0
2,84,in_out,casual,ebike,461,-1,0,31114,31114,70,0
2,85,in_out,member,pedalbike,464,-1,0,31296,31296,70,2
2,86,out_in,member,pedalbike,-1,465,0,70,70,31113,0
2,87,in_out,member,pedalbike,465,-1,0,31113,31113,70,2
2,88,out_in,member,ebike,-1,466,0,70,70,31114,0
2,89,in_out,member,ebike,466,-1,0,31114,31114,70,0
2,90,in_out,member,pedalbike,467,-1,0,31113,31113,70,2
2,91,in_out,member,ebike,471,-1,0,31114,31114,70,0
2,92,in_out,member,pedalbike,474,-1,0,31113,31113,70,2
2,93,in_out,member,pedalbike,474,-1,0,31113,31113,70,2
2,94,out_in,member,ebike,-1,475,0,70,70,31104,0
2,95,out_in,member,ebike,-1,475,0,70,70,31116,0
2,96,in_out,member,ebike,477,-1,0,31114,31114,70,0
2,97,in_out,member,ebike,482,-1,0,31104,31104,70,0
2,98,in_out,member,pedalbike,483,-1,0,31104,31104,70,2
2,99,out_in,member,ebike,-1,485,0,70,70,31110,0
2,100,in_out,member,ebike,485,-1,0,31116,31116,70,0
2,101,in_out,member,ebike,488,-1,0,31110,31110,70,0
2,102,in_out,member,pedalbike,488,-1,0,31104,31104,70,2
2,103,in_out,member,pedalbike,489,-1,0,31104,31104,70,0
2,104,in_out,member,pedalbike,489,-1,0,31104,31104,70,2
2,105,out_in,member,ebike,-1,492,0,70,70,31296,0
2,106,in_out,casual,ebike,495,-1,0,31114,31114,70,0
2,107,in_out,member,pedalbike,498,-1,0,31116,31116,70,2
2,108,in_system,member,pedalbike,501,504.0,3.0,31104,31104,31114,0
2,109,in_out,member,ebike,502,-1,0,31296,31296,70,0
2,110,in_out,casual,pedalbike,504,-1,0,31113,31113,70,2
2,111,in_out,member,pedalbike,505,-1,0,31116,31116,70,2
2,112,in_out,member,pedalbike,507,-1,0,31114,31114,70,2
2,113,out_in,member,ebike,-1,508,0,70,70,31114,0
2,114,in_out,member,pedalbike,508,-1,0,31116,31116,70,2
2,115,out_in,casual,ebike,-1,509,0,70,70,31110,0
2,116,in_out,casual,pedalbike,509,-1,0,31104,31104,70,2
2,117,out_in,member,ebike,-1,510,0,70,70,31110,0
2,118,in_out,member,ebike,510,-1,0,31110,31110,70,0
2,119,in_out,member,ebike,513,-1,0,31114,31114,70,0
2,120,in_out,member,pedalbike,516,-1,0,31296,31296,70,2
2,121,in_system,member,pedalbike,521,524.0,3.0,31113,31113,31110,2
2,122,out_in,casual,ebike,-1,522,0,70,70,31110,0
2,123,in_out,member,pedalbike,523,-1,0,31296,31296,70,2
2,124,in_out,member,ebike,525,-1,0,31110,31110,70,0
2,125,out_in,member,ebike,-1,526,0,70,70,31116,0
2,126,out_in,casual,ebike,-1,526,0,70,70,31104,0
2,127,in_out,member,pedalbike,526,-1,0,31114,31114,70,2
2,128,in_out,casual,pedalbike,527,-1,0,31113,31113,70,2
2,129,in_out,member,pedalbike,530,-1,0,31296,31296,70,2
2,130,in_out,member,pedalbike,530,-1,0,31114,31114,70,2
2,131,in_out,member,pedalbike,530,-1,0,31296,31296,70,0
2,132,in_out,member,pedalbike,530,-1,0,31113,31113,70,2
2,133,out_in,casual,ebike,-1,531,0,70,70,31114,0
2,134,in_out,member,pedalbike,531,-1,0,31114,31114,70,0
2,135,out_in,member,ebike,-1,532,0,70,70,31113,0
2,136,in_out,member,ebike,532,-1,0,31114,31114,70,0
2,137,in_out,member,ebike,533,-1,0,31110,31110,70,0
2,138,in_out,member,ebike,534,-1,0,31116,31116,70,0
2,139,out_in,member,ebike,-1,536,0,70,70,31116,0
2,140,in_out,casual,ebike,536,-1,0,31104,31104,70,0
2,141,in_system,casual,ebike,537,542.0,5.0,31113,31113,31296,0
2,142,out_in,casual,ebike,-1,537,0,70,70,31110,0
2,143,out_in,casual,ebike,-1,539,0,70,70,31110,0
2,144,in_out,casual,pedalbike,540,-1,0,31296,31296,70,0
2,145,out_in,member,ebike,-1,542,0,70,70,31104,0
2,146,out_in,member,ebike,-1,549,0,70,70,31104,0
2,147,in_out,member,ebike,549,-1,0,31110,31110,70,0
2,148,in_out,member,ebike,551,-1,0,31104,31104,70,2
2,149,in_out,member,pedalbike,553,-1,0,31114,31114,70,2
2,150,in_out,member,ebike,554,-1,0,31104,31104,70,0
2,151,out_in,casual,ebike,-1,559,0,70,70,31110,0
2,152,out_in,casual,ebike,-1,560,0,70,70,31116,0
2,153,in_out,casual,ebike,561,-1,0,31296,31296,70,0
2,154,out_in,member,ebike,-1,566,0,70,70,31113,0
2,155,in_out,casual,ebike,571,-1,0,31116,31116,70,0
2,156,out_in,member,ebike,-1,572,0,70,70,31114,0
2,157,out_in,casual,ebike,-1,573,0,70,70,31114,0
2,158,in_out,member,pedalbike,573,-1,0,31114,31114,70,0
2,159,in_out,member,ebike,588,-1,0,31116,31116,70,0
2,160,in_out,member,pedalbike,590,-1,0,31296,31296,70,0
2,161,in_out,member,ebike,593,-1,0,31110,31110,70,0
2,162,in_out,member,ebike,593,-1,0,31113,31113,70,0
2,163,out_in,casual,ebike,-1,595,0,70,70,31114,0
2,164,out_in,casual,ebike,-1,595,0,70,70,31114,0
2,165,out_in,member,ebike,-1,597,0,70,70,31110,0
2,166,out_in,casual,ebike,-1,601,0,70,70,31104,0
2,167,out_in,member,ebike,-1,606,0,70,70,31296,0
2,168,in_out,member,ebike,610,-1,0,31110,31110,70,0
2,169,in_out,member,ebike,613,-1,0,31104,31104,70,0
2,170,in_out,casual,ebike,613,-1,0,31114,31114,70,0
2,171,in_out,casual,ebike,615,-1,0,31296,31296,70,0
2,172,in_out,member,ebike,622,-1,0,31110,31110,70,0
2,173,out_in,member,ebike,-1,624,0,70,70,31116,0
2,174,out_in,casual,ebike,-1,633,0,70,70,31110,0
2,175,in_out,member,ebike,634,-1,0,31110,31110,70,0
2,176,out_in,member,ebike,-1,640,0,70,70,31296,0
2,177,in_out,member,ebike,645,-1,0,31114,31114,70,0
2,178,in_out,member,ebike,647,-1,0,31116,31116,70,0
2,179,in_out,member,pedalbike,648,-1,0,31110,31110,70,2
2,180,out_in,casual,pedalbike,-1,649,0,70,70,31116,0
2,181,out_in,member,ebike,-1,657,0,70,70,31114,0
2,182,out_in,member,ebike,-1,664,0,70,70,31296,0
2,183,out_in,casual,ebike,-1,666,0,70,70,31110,0
2,184,in_out,casual,pedalbike,676,-1,0,31116,31116,70,2
2,185,in_out,member,ebike,682,-1,0,31110,31110,70,0
2,186,out_in,member,ebike,-1,688,0,70,70,31296,0
2,187,out_in,member,ebike,-1,691,0,70,70,31116,0
2,188,in_out,member,ebike,697,-1,0,31296,31296,70,0
2,189,out_in,member,ebike,-1,710,0,70,70,31113,0
2,190,in_out,member,ebike,711,-1,0,31116,31116,70,0
2,191,out_in,member,ebike,-1,717,0,70,70,31104,0
2,192,in_out,casual,pedalbike,717,-1,0,31114,31114,70,0
2,193,in_out,member,ebike,719,-1,0,31114,31114,70,0
2,194,out_in,casual,pedalbike,-1,720,0,70,70,31110,0
2,195,in_out,member,ebike,721,-1,0,31104,31104,70,0
2,196,in_out,member,ebike,727,-1,0,31296,31296,70,0
2,197,in_out,member,pedalbike,727,-1,0,31116,31116,70,2
2,198,in_out,member,ebike,731,-1,0,31296,31296,70,0
2,199,out_in,member,pedalbike,-1,734,0,70,70,31116,0
2,200,in_out,member,ebike,737,-1,0,31113,31113,70,0
2,201,in_out,member,ebike,743,-1,0,31114,31114,70,0
2,202,out_in,casual,ebike,-1,748,0,70,70,31113,0
2,203,out_in,casual,ebike,-1,749,0,70,70,31296,0
2,204,in_out,member,ebike,751,-1,0,31114,31114,70,0
2,205,in_system,casual,ebike,752,757.0,5.0,31296,31296,31110,0
2,206,out_in,member,ebike,-1,752,0,70,70,31110,0
2,207,in_out,casual,ebike,756,-1,0,31110,31110,70,0
2,208,out_in,member,pedalbike,-1,773,0,70,70,31104,0
2,209,in_out,casual,pedalbike,779,-1,0,31116,31116,70,2
2,210,in_out,casual,pedalbike,783,-1,0,31116,31116,70,2
2,211,out_in,member,pedalbike,-1,784,0,70,70,31110,0
2,212,out_in,casual,ebike,-1,787,0,70,70,31110,0
2,213,out_in,member,ebike,-1,788,0,70,70,31104,0
2,214,out_in,member,ebike,-1,793,0,70,70,31110,0
2,215,out_in,member,ebike,-1,796,0,70,70,31110,0
2,216,out_in,member,ebike,-1,804,0,70,70,31110,0
2,217,out_in,member,ebike,-1,804,0,70,70,31116,0
2,218,out_in,member,ebike,-1,806,0,70,70,31110,0
2,219,in_out,member,ebike,806,-1,0,31104,31104,70,0
2,220,out_in,casual,ebike,-1,825,0,70,70,31114,0
2,221,in_out,member,ebike,826,-1,0,31116,31116,70,0
2,222,out_in,casual,ebike,-1,828,0,70,70,31116,0
2,223,out_in,member,pedalbike,-1,831,0,70,70,31116,0
2,224,in_out,member,pedalbike,842,-1,0,31104,31104,70,2
2,225,out_in,member,ebike,-1,843,0,70,70,31104,0
2,226,out_in,member,ebike,-1,843,0,70,70,31114,0
2,227,in_out,member,ebike,843,-1,0,31113,31113,70,0
2,228,out_in,member,ebike,-1,845,0,70,70,31110,0
2,229,in_out,member,ebike,846,-1,0,31104,31104,70,2
2,230,out_in,member,ebike,-1,851,0,70,70,31114,0
2,231,in_out,member,ebike,856,-1,0,31110,31110,70,0
2,232,in_out,casual,pedalbike,858,-1,0,31114,31114,70,0
2,233,out_in,casual,ebike,-1,859,0,70,70,31110,0
2,234,out_in,casual,ebike,-1,860,0,70,70,31104,0
2,235,out_in,member,ebike,-1,862,0,70,70,31116,0
2,236,in_out,casual,ebike,863,-1,0,31110,31110,70,0
2,237,in_out,member,pedalbike,865,-1,0,31110,31110,70,0
2,238,out_in,member,ebike,-1,874,0,70,70,31110,0
2,239,out_in,member,pedalbike,-1,876,0,70,70,31116,0
2,240,in_system,member,ebike,880,884.0,4.0,31104,31104,31110,0
2,241,out_in,casual,ebike,-1,888,0,70,70,31116,0
2,242,out_in,member,ebike,-1,891,0,70,70,31114,0
2,243,out_in,casual,ebike,-1,893,0,70,70,31104,0
2,244,in_out,member,ebike,895,-1,0,31104,31104,70,0
2,245,out_in,member,ebike,-1,898,0,70,70,31110,0
2,246,in_out,member,ebike,901,-1,0,31114,31114,70,0
2,247,in_system,casual,ebike,903,907.0,4.0,31116,31116,31296,0
2,248,out_in,member,ebike,-1,904,0,70,70,31110,0
2,249,out_in,casual,ebike,-1,907,0,70,70,31114,0
2,250,out_in,member,pedalbike,-1,910,0,70,70,31296,0
2,251,out_in,member,ebike,-1,911,0,70,70,31116,0
2,252,in_out,member,ebike,913,-1,0,31116,31116,70,0
2,253,out_in,member,ebike,-1,915,0,70,70,31114,0
2,254,in_out,member,ebike,915,-1,0,31110,31110,70,0
2,255,out_in,casual,ebike,-1,916,0,70,70,31110,0
2,256,in_out,member,pedalbike,916,-1,0,31110,31110,70,0
2,257,out_in,casual,ebike,-1,918,0,70,70,31113,0
2,258,out_in,casual,ebike,-1,926,0,70,70,31113,0
2,259,out_in,member,ebike,-1,927,0,70,70,31104,0
2,260,out_in,member,ebike,-1,927,0,70,70,31113,0
2,261,out_in,member,ebike,-1,929,0,70,70,31113,0
2,262,in_out,member,ebike,929,-1,0,31104,31104,70,0
2,263,in_out,member,ebike,934,-1,0,31114,31114,70,0
2,264,out_in,member,pedalbike,-1,936,0,70,70,31296,0
2,265,out_in,casual,ebike,-1,940,0,70,70,31114,0
2,266,in_out,casual,ebike,946,-1,0,31110,31110,70,0
2,267,out_in,member,ebike,-1,947,0,70,70,31104,0
2,268,in_out,casual,ebike,954,-1,0,31113,31113,70,2
2,269,out_in,member,ebike,-1,956,0,70,70,31110,0
2,270,out_in,casual,ebike,-1,959,0,70,70,31104,0
2,271,out_in,member,pedalbike,-1,962,0,70,70,31116,0
2,272,in_out,member,ebike,968,-1,0,31113,31113,70,0
2,273,in_out,member,ebike,969,-1,0,31113,31113,70,0
2,274,out_in,member,ebike,-1,970,0,70,70,31104,0
2,275,in_out,member,pedalbike,973,-1,0,31116,31116,70,0
2,276,in_out,member,ebike,973,-1,0,31113,31113,70,0
2,277,out_in,member,pedalbike,-1,975,0,70,70,31114,0
2,278,out_in,member,ebike,-1,977,0,70,70,31296,0
2,279,out_in,member,ebike,-1,978,0,70,70,31116,0
2,280,out_in,casual,ebike,-1,981,0,70,70,31104,0
2,281,out_in,member,ebike,-1,984,0,70,70,31296,0
2,282,out_in,member,ebike,-1,984,0,70,70,31116,0
2,283,out_in,member,ebike,-1,986,0,70,70,31114,0
2,284,in_out,member,ebike,986,-1,0,31110,31110,70,0
2,285,out_in,member,ebike,-1,987,0,70,70,31296,0
2,286,in_out,member,ebike,987,-1,0,31110,31110,70,0
2,287,in_system,member,ebike,989,991.0,2.0,31116,31116,31113,0
2,288,in_out,casual,ebike,993,-1,0,31296,31296,70,0
2,289,out_in,member,ebike,-1,996,0,70,70,31114,0
2,290,out_in,member,ebike,-1,999,0,70,70,31116,0
2,291,in_out,member,ebike,1000,-1,0,31116,31116,70,0
2,292,in_out,member,ebike,1002,-1,0,31116,31116,70,0
2,293,out_in,member,ebike,-1,1008,0,70,70,31114,0
2,294,in_out,member,ebike,1008,-1,0,31114,31114,70,0
2,295,out_in,casual,ebike,-1,1012,0,70,70,31114,0
2,296,in_out,member,ebike,1016,-1,0,31116,31116,70,0
2,297,out_in,member,ebike,-1,1019,0,70,70,31296,0
2,298,in_out,member,ebike,1020,-1,0,31113,31113,70,0
2,299,in_out,casual,ebike,1021,-1,0,31296,31296,70,0
2,300,in_out,member,ebike,1022,-1,0,31116,31116,70,0
2,301,in_system,member,ebike,1023,1027.0,4.0,31104,31104,31114,0
2,302,in_out,member,ebike,1023,-1,0,31114,31114,70,0
2,303,out_in,member,ebike,-1,1025,0,70,70,31110,0
2,304,in_out,member,ebike,1025,-1,0,31296,31296,70,0
2,305,in_out,member,ebike,1027,-1,0,31114,31114,70,0
2,306,in_out,member,pedalbike,1027,-1,0,31114,31114,70,0
2,307,out_in,casual,ebike,-1,1028,0,70,70,31104,0
2,308,out_in,member,ebike,-1,1029,0,70,70,31110,0
2,309,out_in,casual,pedalbike,-1,1029,0,70,70,31116,0
2,310,in_out,member,ebike,1029,-1,0,31296,31296,70,0
2,311,out_in,casual,ebike,-1,1030,0,70,70,31296,0
2,312,out_in,casual,pedalbike,-1,1030,0,70,70,31110,0
2,313,out_in,member,ebike,-1,1031,0,70,70,31114,0
2,314,out_in,member,ebike,-1,1032,0,70,70,31104,0
2,315,out_in,member,ebike,-1,1033,0,70,70,31113,0
2,316,out_in,member,ebike,-1,1033,0,70,70,31296,0
2,317,out_in,member,ebike,-1,1033,0,70,70,31110,0
2,318,out_in,member,ebike,-1,1034,0,70,70,31116,0
2,319,out_in,member,ebike,-1,1035,0,70,70,31296,0
2,320,in_out,member,pedalbike,1035,-1,0,31110,31110,70,0
2,321,out_in,member,ebike,-1,1036,0,70,70,31104,0
2,322,in_out,member,ebike,1036,-1,0,31110,31110,70,0
2,323,in_out,member,ebike,1037,-1,0,31114,31114,70,0
2,324,in_out,casual,ebike,1037,-1,0,31113,31113,70,0
2,325,out_in,member,ebike,-1,1038,0,70,70,31114,0
2,326,out_in,casual,ebike,-1,1038,0,70,70,31113,0
2,327,in_out,member,ebike,1039,-1,0,31116,31116,70,0
2,328,in_out,member,ebike,1040,-1,0,31110,31110,70,0
2,329,in_out,casual,ebike,1040,-1,0,31114,31114,70,0
2,330,out_in,member,pedalbike,-1,1041,0,70,70,31104,0
2,331,in_out,member,ebike,1041,-1,0,31113,31113,70,0
2,332,out_in,member,ebike,-1,1043,0,70,70,31110,0
2,333,in_out,casual,ebike,1043,-1,0,31110,31110,70,0
2,334,out_in,casual,ebike,-1,1044,0,70,70,31110,0
2,335,out_in,member,ebike,-1,1045,0,70,70,31116,0
2,336,in_out,member,ebike,1045,-1,0,31104,31104,70,0
2,337,out_in,member,ebike,-1,1046,0,70,70,31296,0
2,338,out_in,casual,ebike,-1,1046,0,70,70,31104,0
2,339,in_out,casual,ebike,1046,-1,0,31110,31110,70,0
2,340,out_in,member,ebike,-1,1048,0,70,70,31296,0
2,341,out_in,member,ebike,-1,1050,0,70,70,31116,0
2,342,out_in,member,ebike,-1,1051,0,70,70,31114,0
2,343,out_in,member,ebike,-1,1052,0,70,70,31110,0
2,344,out_in,casual,ebike,-1,1055,0,70,70,31116,0
2,345,out_in,member,ebike,-1,1056,0,70,70,31110,0
2,346,out_in,member,ebike,-1,1058,0,70,70,31114,0
2,347,out_in,member,ebike,-1,1058,0,70,70,31104,0
2,348,out_in,member,ebike,-1,1061,0,70,70,31104,0
2,349,in_system,casual,ebike,1062,1066.0,4.0,31116,31116,31296,0
2,350,out_in,member,ebike,-1,1063,0,70,70,31116,0
2,351,out_in,casual,ebike,-1,1063,0,70,70,31110,0
2,352,out_in,casual,ebike,-1,1063,0,70,70,31116,0
2,353,out_in,member,pedalbike,-1,1063,0,70,70,31116,0
2,354,out_in,casual,ebike,-1,1063,0,70,70,31116,0
2,355,in_out,casual,ebike,1063,-1,0,31110,31110,70,0
2,356,out_in,casual,ebike,-1,1064,0,70,70,31110,0
2,357,out_in,casual,ebike,-1,1065,0,70,70,31110,0
2,358,out_in,member,ebike,-1,1065,0,70,70,31110,0
2,359,in_system,member,pedalbike,1066,1068.0,2.0,31296,31296,31104,0
2,360,out_in,member,ebike,-1,1066,0,70,70,31113,0
2,361,in_out,casual,ebike,1066,-1,0,31296,31296,70,0
2,362,in_out,member,pedalbike,1067,-1,0,31114,31114,70,0
2,363,in_out,casual,ebike,1067,-1,0,31104,31104,70,0
2,364,out_in,casual,ebike,-1,1068,0,70,70,31114,0
2,365,out_in,member,ebike,-1,1070,0,70,70,31104,0
2,366,out_in,member,pedalbike,-1,1073,0,70,70,31116,0
2,367,out_in,member,ebike,-1,1073,0,70,70,31116,0
2,368,in_out,casual,ebike,1073,-1,0,31114,31114,70,0
2,369,out_in,casual,ebike,-1,1074,0,70,70,31116,0
2,370,in_out,member,ebike,1076,-1,0,31114,31114,70,0
2,371,out_in,member,pedalbike,-1,1077,0,70,70,31116,0
2,372,in_out,member,ebike,1078,-1,0,31113,31113,70,0
2,373,out_in,casual,ebike,-1,1079,0,70,70,31110,0
2,374,in_out,member,ebike,1080,-1,0,31114,31114,70,0
2,375,in_out,member,ebike,1081,-1,0,31114,31114,70,0
2,376,in_out,member,ebike,1082,-1,0,31110,31110,70,2
2,377,in_out,member,pedalbike,1083,-1,0,31296,31296,70,0
2,378,out_in,casual,ebike,-1,1084,0,70,70,31110,0
2,379,in_out,member,ebike,1086,-1,0,31116,31116,70,0
2,380,in_out,casual,pedalbike,1086,-1,0,31116,31116,70,0
2,381,out_in,member,ebike,-1,1087,0,70,70,31114,0
2,382,in_system,member,ebike,1088,1092.0,4.0,31110,31110,31104,0
2,383,out_in,member,ebike,-1,1089,0,70,70,31110,0
2,384,in_out,member,ebike,1090,-1,0,31296,31296,70,0
2,385,out_in,member,ebike,-1,1092,0,70,70,31116,0
2,386,in_out,casual,ebike,1092,-1,0,31114,31114,70,0
2,387,out_in,member,ebike,-1,1093,0,70,70,31113,0
2,388,out_in,casual,ebike,-1,1093,0,70,70,31296,0
2,389,out_in,member,ebike,-1,1094,0,70,70,31104,0
2,390,in_out,casual,pedalbike,1094,-1,0,31114,31114,70,0
2,391,in_out,casual,ebike,1095,-1,0,31296,31296,70,0
2,392,out_in,casual,ebike,-1,1096,0,70,70,31116,0
2,393,in_out,member,pedalbike,1096,-1,0,31114,31114,70,0
2,394,in_out,member,ebike,1096,-1,0,31110,31110,70,0
2,395,out_in,member,pedalbike,-1,1097,0,70,70,31110,0
2,396,out_in,member,ebike,-1,1097,0,70,70,31114,0
2,397,out_in,casual,pedalbike,-1,1099,0,70,70,31116,0
2,398,in_system,member,ebike,1100,1130.0,30.0,31296,31296,31104,0
2,399,out_in,member,ebike,-1,1117.0,14.0,70,31116,31114,1
2,400,out_in,member,ebike,-1,1105,0,70,70,31116,0
2,401,in_system,member,ebike,1106,1454.0,14.0,31113,31116,31114,1
2,402,in_out,casual,ebike,1106,-1,0,31110,31110,70,0
2,403,out_in,member,ebike,-1,1107,0,70,70,31110,0
2,404,out_in,member,ebike,-1,1108,0,70,70,31116,0
2,405,out_in,member,ebike,-1,1108,0,70,70,31116,0
2,406,out_in,member,ebike,-1,1111,0,70,70,31104,0
2,407,out_in,member,ebike,-1,1125.0,14.0,70,31116,31114,1
2,408,out_in,member,pedalbike,-1,1115.0,2.0,70,31116,31114,1
2,409,out_in,member,ebike,-1,1129.0,14.0,70,31116,31114,1
2,410,out_in,casual,pedalbike,-1,1116,0,70,70,31296,0
2,411,out_in,member,ebike,-1,1130.0,14.0,70,31116,31114,1
2,412,out_in,member,ebike,-1,1116,0,70,70,31116,0
2,413,out_in,casual,ebike,-1,1130.0,14.0,70,31116,31114,1
2,414,in_out,member,ebike,1116,-1,0,31114,31114,70,0
2,415,in_out,casual,ebike,1116,-1,0,31116,31116,70,0
2,416,out_in,member,ebike,-1,1118,0,70,70,31113,0
2,417,out_in,casual,ebike,-1,1119,0,70,70,31113,0
2,418,out_in,casual,ebike,-1,1122,0,70,70,31114,0
2,419,in_out,member,ebike,1122,-1,0,31296,31296,70,0
2,420,in_out,casual,ebike,1122,-1,0,31110,31110,70,0
2,421,out_in,member,ebike,-1,1123,0,70,70,31110,0
2,422,out_in,casual,ebike,-1,1123,0,70,70,31296,0
2,423,in_out,member,ebike,1123,-1,0,31114,31114,70,0
2,424,out_in,casual,ebike,-1,1195.0,14.0,70,31116,31114,1
2,425,out_in,member,ebike,-1,1449.0,14.0,70,31116,31114,1
2,426,out_in,member,ebike,-1,1310.0,14.0,70,31116,31114,1
2,427,in_out,member,ebike,1129,-1,0,31104,31104,70,0
2,428,in_out,member,ebike,1129,-1,0,31104,31104,70,0
2,429,out_in,casual,ebike,-1,1159.0,14.0,70,31116,31114,1
2,430,in_out,casual,ebike,1132,-1,0,31296,31296,70,0
2,431,out_in,member,ebike,-1,1148.0,14.0,70,31116,31114,1
2,432,out_in,casual,ebike,-1,1442.0,14.0,70,31116,31114,1
2,433,out_in,casual,pedalbike,-1,1150.0,2.0,70,31116,31114,1
2,434,out_in,casual,ebike,-1,1416.0,14.0,70,31116,31114,1
2,435,in_out,casual,pedalbike,1136,-1,0,31116,31116,70,0
2,436,in_out,casual,ebike,1136,-1,0,31104,31104,70,0
2,437,out_in,member,pedalbike,-1,1137,0,70,70,31296,0
2,438,out_in,member,ebike,-1,1445.0,14.0,70,31116,31114,1
2,439,in_out,member,ebike,1138,-1,0,31104,31104,70,0
2,440,in_out,casual,ebike,1138,-1,0,31116,31116,70,0
2,441,in_out,member,ebike,1140,-1,0,31296,31296,70,0
2,442,out_in,member,pedalbike,-1,1141,0,70,70,31296,0
2,443,in_out,member,ebike,1141,-1,0,31110,31110,70,0
2,444,out_in,member,ebike,-1,1142,0,70,70,31104,0
2,445,out_in,member,ebike,-1,1143,0,70,70,31104,0
2,446,in_out,casual,ebike,1143,-1,0,31113,31113,70,0
2,447,in_out,member,ebike,1145,-1,0,31104,31104,70,0
2,448,out_in,member,ebike,-1,1147,0,70,70,31110,0
2,449,out_in,member,ebike,-1,1147,0,70,70,31296,0
2,450,in_out,member,ebike,1148,-1,0,31114,31114,70,0
2,451,in_out,member,ebike,1149,-1,0,31113,31113,70,0
2,452,in_out,member,ebike,1149,-1,0,31114,31114,70,0
2,453,in_out,member,pedalbike,1150,-1,0,31116,31116,70,0
2,454,out_in,member,ebike,-1,1151,0,70,70,31296,0
2,455,out_in,member,ebike,-1,1151,0,70,70,31116,0
2,456,out_in,member,ebike,-1,1151,0,70,70,31296,0
2,457,out_in,member,ebike,-1,1194.0,14.0,70,31116,31114,1
2,458,out_in,member,ebike,-1,1172.0,14.0,70,31116,31114,1
2,459,out_in,member,ebike,-1,1159,0,70,70,31116,0
2,460,in_out,casual,ebike,1159,-1,0,31114,31114,70,0
2,461,out_in,member,ebike,-1,1161,0,70,70,31104,0
2,462,out_in,member,pedalbike,-1,1161,0,70,70,31116,0
2,463,out_in,casual,ebike,-1,1441.0,14.0,70,31116,31114,1
2,464,out_in,casual,ebike,-1,1441.0,14.0,70,31116,31114,1
2,465,out_in,member,ebike,-1,1444.0,14.0,70,31116,31114,1
2,466,in_out,member,ebike,1167,-1,0,31296,31296,70,0
2,467,out_in,member,ebike,-1,1210.0,14.0,70,31116,31114,1
2,468,out_in,member,ebike,-1,1449.0,14.0,70,31116,31114,1
2,469,in_out,member,ebike,1170,-1,0,31104,31104,70,0
2,470,out_in,member,ebike,-1,1283.0,14.0,70,31116,31114,1
2,471,in_out,member,ebike,1172,-1,0,31114,31114,70,0
2,472,out_in,member,ebike,-1,1454.0,14.0,70,31116,31114,1
2,473,out_in,member,ebike,-1,1441.0,14.0,70,31116,31114,1
2,474,in_system,casual,ebike,1176,1442.0,14.0,31116,31116,31114,1
2,475,in_out,member,ebike,1177,-1,0,31296,31296,70,0
2,476,out_in,member,ebike,-1,1178,0,70,70,31104,0
2,477,out_in,member,ebike,-1,1444.0,14.0,70,31116,31114,1
2,478,in_out,casual,ebike,1178,-1,0,31104,31104,70,0
2,479,in_out,member,ebike,1178,-1,0,31104,31104,70,0
2,480,out_in,casual,ebike,-1,1179,0,70,70,31296,0
2,481,out_in,member,ebike,-1,1181,0,70,70,31104,0
2,482,out_in,member,ebike,-1,1188,0,70,70,31104,0
2,483,out_in,member,ebike,-1,1189,0,70,70,31116,0
2,484,in_out,casual,ebike,1189,-1,0,31296,31296,70,0
2,485,out_in,member,ebike,-1,1442.0,14.0,70,31116,31114,1
2,486,out_in,member,ebike,-1,1443.0,14.0,70,31116,31114,1
2,487,in_out,member,ebike,1193,-1,0,31116,31116,70,0
2,488,out_in,member,ebike,-1,1194,0,70,70,31116,0
2,489,in_out,member,ebike,1194,-1,0,31114,31114,70,0
2,490,in_out,member,ebike,1195,-1,0,31114,31114,70,0
2,491,out_in,casual,pedalbike,-1,1229.0,2.0,70,31116,31114,1
2,492,out_in,member,ebike,-1,1198,0,70,70,31296,0
2,493,out_in,casual,ebike,-1,1451.0,14.0,70,31116,31114,1
2,494,in_out,casual,ebike,1200,-1,0,31104,31104,70,0
2,495,out_in,member,ebike,-1,1203,0,70,70,31104,0
2,496,out_in,member,ebike,-1,1203,0,70,70,31104,0
2,497,out_in,casual,ebike,-1,1203,0,70,70,31296,0
2,498,out_in,member,ebike,-1,1444.0,14.0,70,31116,31114,1
2,499,out_in,casual,ebike,-1,1222.0,14.0,70,31116,31114,1
2,500,in_out,member,pedalbike,1209,-1,0,31116,31116,70,0
2,501,in_out,casual,pedalbike,1210,-1,0,31114,31114,70,0
2,502,out_in,member,ebike,-1,1212,0,70,70,31116,0
2,503,in_out,member,ebike,1213,-1,0,31296,31296,70,0
2,504,out_in,casual,ebike,-1,1215,0,70,70,31113,0
2,505,in_out,member,ebike,1217,-1,0,31116,31116,70,0
2,506,out_in,member,ebike,-1,1219,0,70,70,31116,0
2,507,out_in,member,ebike,-1,1445.0,14.0,70,31116,31114,1
2,508,in_out,casual,ebike,1222,-1,0,31296,31296,70,0
2,509,in_out,member,ebike,1222,-1,0,31296,31296,70,0
2,510,in_out,member,pedalbike,1222,-1,0,31114,31114,70,0
2,511,out_in,member,ebike,-1,1225,0,70,70,31296,0
2,512,in_out,casual,ebike,1227,-1,0,31116,31116,70,0
2,513,in_out,member,ebike,1228,-1,0,31114,31114,70,0
2,514,in_out,member,ebike,1229,-1,0,31104,31104,70,0
2,515,in_out,casual,ebike,1232,-1,0,31116,31116,70,0
2,516,out_in,member,ebike,-1,1233,0,70,70,31104,0
2,517,out_in,member,ebike,-1,1233,0,70,70,31104,0
2,518,out_in,member,ebike,-1,1234,0,70,70,31104,0
2,519,out_in,member,ebike,-1,1446.0,14.0,70,31116,31114,1
2,520,out_in,member,ebike,-1,1236,0,70,70,31116,0
2,521,in_out,member,ebike,1236,-1,0,31296,31296,70,0
2,522,in_out,member,pedalbike,1237,-1,0,31110,31110,70,0
2,523,in_out,member,ebike,1238,-1,0,31110,31110,70,0
2,524,out_in,member,ebike,-1,1242,0,70,70,31116,0
2,525,out_in,member,ebike,-1,1246,0,70,70,31110,0
2,526,out_in,member,ebike,-1,1250,0,70,70,31110,0
2,527,out_in,casual,ebike,-1,1349.0,14.0,70,31116,31114,1
2,528,out_in,casual,ebike,-1,1254,0,70,70,31296,0
2,529,in_out,casual,ebike,1255,-1,0,31113,31113,70,0
2,530,out_in,member,ebike,-1,1452.0,14.0,70,31116,31114,1
2,531,out_in,casual,ebike,-1,1295.0,30.0,70,31296,31104,1
2,532,out_in,member,ebike,-1,1451.0,14.0,70,31116,31114,1
2,533,in_out,casual,ebike,1269,-1,0,31296,31296,70,0
2,534,out_in,member,ebike,-1,1453.0,14.0,70,31116,31114,1
2,535,in_out,casual,ebike,1272,-1,0,31116,31116,70,0
2,536,in_out,member,ebike,1274,-1,0,31296,31296,70,0
2,537,in_out,member,ebike,1275,-1,0,31110,31110,70,0
2,538,out_in,casual,ebike,-1,1278,0,70,70,31296,0
2,539,in_out,member,ebike,1278,-1,0,31104,31104,70,0
2,540,out_in,member,ebike,-1,1279,0,70,70,31110,0
2,541,in_out,member,ebike,1279,-1,0,31110,31110,70,0
2,542,out_in,casual,ebike,-1,1451.0,14.0,70,31116,31114,1
2,543,in_out,member,ebike,1283,-1,0,31114,31114,70,0
2,544,in_out,member,ebike,1285,-1,0,31104,31104,70,0
2,545,out_in,casual,ebike,-1,1289,0,70,70,31104,0
2,546,out_in,casual,ebike,-1,1289,0,70,70,31116,0
2,547,in_out,casual,ebike,1289,-1,0,31104,31104,70,0
2,548,in_out,member,ebike,1289,-1,0,31116,31116,70,0
2,549,out_in,casual,ebike,-1,1293,0,70,70,31104,0
2,550,in_out,casual,ebike,1300,-1,0,31110,31110,70,0
2,551,in_out,casual,ebike,1302,-1,0,31104,31104,70,0
2,552,in_out,member,ebike,1303,-1,0,31110,31110,70,2
2,553,in_out,member,ebike,1308,-1,0,31110,31110,70,0
2,554,in_out,member,ebike,1308,-1,0,31296,31296,70,0
2,555,in_out,member,ebike,1310,-1,0,31114,31114,70,0
2,556,out_in,member,ebike,-1,1451.0,14.0,70,31116,31114,1
2,557,in_out,casual,ebike,1313,-1,0,31110,31110,70,0
2,558,in_out,member,ebike,1313,-1,0,31104,31104,70,0
2,559,in_out,member,pedalbike,1317,-1,0,31296,31296,70,0
2,560,in_out,casual,ebike,1318,-1,0,31110,31110,70,0
2,561,in_out,casual,ebike,1319,-1,0,31296,31296,70,0
2,562,out_in,casual,ebike,-1,1322,0,70,70,31110,0
2,563,out_in,member,ebike,-1,1325,0,70,70,31113,0
2,564,in_out,member,pedalbike,1325,-1,0,31116,31116,70,0
2,565,in_out,casual,ebike,1326,-1,0,31116,31116,70,0
2,566,in_out,member,ebike,1329,-1,0,31116,31116,70,0
2,567,in_out,member,ebike,1339,-1,0,31104,31104,70,0
2,568,out_in,member,ebike,-1,1342,0,70,70,31116,0
2,569,in_out,member,ebike,1344,-1,0,31104,31104,70,0
2,570,out_in,member,ebike,-1,1346,0,70,70,31296,0
2,571,out_in,member,ebike,-1,1347,0,70,70,31110,0
2,572,in_out,member,ebike,1349,-1,0,31114,31114,70,0
2,573,in_out,casual,ebike,1362,-1,0,31296,31296,70,0
2,574,out_in,member,ebike,-1,1365,0,70,70,31104,0
2,575,out_in,casual,ebike,-1,1368,0,70,70,31110,0
2,576,in_out,member,ebike,1372,-1,0,31110,31110,70,0
2,577,out_in,member,ebike,-1,1444.0,14.0,70,31116,31114,1
2,578,in_system,member,ebike,1380,1384.0,4.0,31110,31110,31116,0
2,579,out_in,member,ebike,-1,1387,0,70,70,31113,0
2,580,in_out,member,ebike,1397,-1,0,31113,31113,70,0
2,581,in_out,member,pedalbike,1400,-1,0,31296,31296,70,2
2,582,out_in,member,ebike,-1,1402,0,70,70,31116,0
2,583,out_in,member,ebike,-1,1406,0,70,70,31104,0
2,584,out_in,casual,ebike,-1,1412,0,70,70,31110,0
2,585,in_out,casual,ebike,1416,-1,0,31114,31114,70,0
2,586,out_in,member,ebike,-1,1420,0,70,70,31116,0
2,587,out_in,member,ebike,-1,1428,0,70,70,31110,0
2,588,out_in,member,ebike,-1,1428,0,70,70,31110,0
